DateTime(yyyy-mm-dd hh:mm:ss.000),Volt,Current,,,State,Vin,Vout,Vdiff,Tdiff,SOC,SOH,SOP,FCC,RC,Cycle,Vmax,VmaxNo,Vmin,VminNo,Vavg,Tmax,TmaxNo,Tmin,TminNo,Tavg,Cell1,Cell2,Cell3,Cell4,Cell5,Cell6,Cell7,Cell8,Cell9,Cell10,Cell11,Cell12,Cell13,Cell14,Cell15,Cell16,Cell17,Cell18,Cell19,Cell20,Temp1,Temp2,Temp3,Temp4,TempFET,CB0,CB1,CB2,CB3,Fault0,Fault1,BmsSt0,BmsSt1,BmsSt2,BmsSt3,Ver,SerialNo,Manufacture
23:14.3,71.35,0.05,0.85,0.0425,0,71.35,71.35,5,1,26.9,0,75,0,0,0,3570,16,3565,10,3567,22,2,21,2,21,3567,3567,3568,3567,3568,3567,3567,3568,3567,3565,3568,3568,3568,3568,3568,3570,3568,3568,3568,3568,220,210,210,210,0,0,0,0,0,0,0,0,60,0,0,1,1,2023-10-12
23:15.3,71.35,0.05,0.85,0.0425,0,71.35,71.35,5,1,26.9,0,75,0,0,0,3570,16,3565,10,3567,22,2,21,2,21,3567,3567,3568,3567,3568,3567,3567,3568,3567,3565,3568,3568,3568,3568,3568,3570,3568,3568,3568,3568,220,210,210,210,0,0,0,0,0,0,0,0,60,0,0,1,1,2023-10-12
23:16.3,71.35,0.05,0.85,0.0425,0,71.35,71.35,5,1,26.9,0,75,0,0,0,3570,16,3565,7,3567,22,2,21,2,21,3567,3567,3568,3567,3568,3567,3565,3568,3567,3565,3568,3568,3568,3568,3568,3570,3568,3568,3568,3568,220,210,210,210,0,0,0,0,0,0,0,0,60,0,0,1,1,2023-10-12
23:17.3,71.35,0.05,0.85,0.0425,0,71.35,71.35,5,1,26.9,0,75,0,0,0,3570,16,3565,10,3567,22,2,21,2,21,3567,3567,3567,3567,3568,3567,3567,3568,3567,3565,3568,3568,3568,3568,3568,3570,3568,3570,3568,3568,220,210,210,210,0,0,0,0,0,0,0,0,60,0,0,1,1,2023-10-12
23:18.3,71.35,0.05,0.85,0.0425,0,71.35,71.35,5,1,26.9,0,75,0,0,0,3570,16,3565,10,3567,22,2,21,2,21,3567,3567,3568,3567,3567,3567,3567,3568,3567,3565,3568,3568,3568,3568,3568,3570,3568,3568,3568,3568,220,210,210,210,0,0,0,0,0,0,0,0,60,0,0,1,1,2023-10-12
23:19.3,71.35,0.06,0.85,0.051,0,71.35,71.35,5,1,26.9,0,75,0,0,0,3570,14,3565,10,3567,22,2,21,2,21,3567,3567,3567,3567,3567,3567,3567,3568,3567,3565,3568,3568,3568,3570,3568,3570,3568,3568,3568,3568,220,210,210,210,0,0,0,0,0,0,0,0,60,0,0,1,1,2023-10-12
23:20.3,71.35,0.05,0.85,0.0425,0,71.35,71.35,5,1,26.9,0,75,0,0,0,3570,16,3565,10,3567,22,2,21,3,21,3567,3567,3568,3567,3568,3567,3567,3568,3567,3565,3568,3568,3568,3568,3568,3570,3568,3568,3568,3568,220,220,210,210,0,0,0,0,0,0,0,0,60,0,0,1,1,2023-10-12
23:21.3,71.35,0.05,0.85,0.0425,0,71.35,71.35,5,1,26.9,0,75,0,0,0,3570,16,3565,7,3567,22,2,21,2,21,3567,3567,3568,3567,3568,3567,3565,3568,3567,3565,3568,3568,3568,3568,3568,3570,3568,3568,3568,3568,220,210,210,210,0,0,0,0,0,0,0,0,60,0,0,1,1,2023-10-12
23:22.3,71.35,0.05,0.85,0.0425,0,71.35,71.35,5,1,26.9,0,75,0,0,0,3570,16,3565,10,3567,22,2,21,3,21,3567,3567,3567,3567,3567,3567,3567,3568,3567,3565,3568,3568,3568,3568,3568,3570,3568,3568,3568,3568,220,220,210,210,0,0,0,0,0,0,0,0,60,0,0,1,1,2023-10-12
23:23.3,71.35,0.05,0.85,0.0425,0,71.35,71.35,5,1,26.9,0,75,0,0,0,3570,16,3565,7,3567,22,2,21,2,21,3567,3567,3568,3567,3568,3567,3565,3568,3567,3565,3568,3568,3568,3568,3568,3570,3568,3568,3568,3568,220,210,210,210,0,0,0,0,0,0,0,0,60,0,0,1,1,2023-10-12
23:24.3,71.35,0.05,0.85,0.0425,0,71.35,71.35,5,1,26.9,0,75,0,0,0,3570,16,3565,10,3567,22,2,21,2,21,3567,3567,3567,3567,3567,3567,3567,3568,3567,3565,3568,3568,3568,3568,3568,3570,3568,3568,3568,3568,220,210,210,210,0,0,0,0,0,0,0,0,60,0,0,1,1,2023-10-12
23:25.3,71.35,0.06,0.85,0.051,0,71.35,71.35,5,1,26.9,0,75,0,0,0,3570,16,3565,7,3567,22,2,21,2,21,3567,3567,3567,3567,3568,3567,3565,3568,3567,3565,3568,3568,3568,3568,3568,3570,3568,3568,3568,3568,220,210,210,210,0,0,0,0,0,0,0,0,60,0,0,1,1,2023-10-12
23:26.3,71.35,0.06,0.85,0.051,0,71.35,71.35,5,1,26.9,0,75,0,0,0,3570,16,3565,10,3567,22,2,21,2,21,3567,3567,3567,3567,3568,3567,3567,3568,3567,3565,3568,3568,3568,3568,3568,3570,3568,3568,3568,3568,220,210,210,210,0,0,0,0,0,0,0,0,60,0,0,1,1,2023-10-12
23:27.3,71.35,0.06,0.85,0.051,0,71.34,71.34,3,1,26.9,0,75,0,0,0,3568,5,3565,7,3567,22,2,21,2,21,3567,3567,3567,3567,3568,3567,3565,3568,3567,3565,3568,3568,3568,3568,3568,3568,3568,3568,3568,3568,220,210,210,210,0,0,0,0,0,0,0,0,60,0,0,1,1,2023-10-12
23:28.3,71.35,0.06,0.85,0.051,0,71.35,71.35,5,1,26.9,0,75,0,0,0,3570,16,3565,10,3567,22,2,21,2,21,3567,3567,3568,3567,3568,3567,3567,3568,3567,3565,3568,3568,3568,3568,3568,3570,3568,3568,3568,3568,220,210,210,210,0,0,0,0,0,0,0,0,60,0,0,1,1,2023-10-12
23:29.3,71.35,0.06,0.85,0.051,0,71.35,71.35,5,1,26.9,0,75,0,0,0,3570,12,3565,10,3567,22,2,21,2,21,3567,3567,3568,3567,3567,3567,3567,3568,3567,3565,3568,3570,3568,3568,3568,3570,3568,3568,3568,3568,220,210,210,210,0,0,0,0,0,0,0,0,60,0,0,1,1,2023-10-12
23:30.3,71.35,0.06,0.85,0.051,0,71.35,71.35,5,1,26.9,0,75,0,0,0,3570,16,3565,10,3567,22,2,21,2,21,3567,3567,3567,3567,3568,3567,3567,3567,3567,3565,3568,3568,3568,3568,3568,3570,3568,3568,3568,3568,220,210,210,210,0,0,0,0,0,0,0,0,60,0,0,1,1,2023-10-12
23:31.3,71.35,0.06,0.85,0.051,0,71.35,71.35,5,1,26.9,0,75,0,0,0,3570,16,3565,10,3567,22,2,21,2,21,3567,3567,3567,3567,3568,3567,3567,3568,3567,3565,3568,3568,3568,3568,3568,3570,3568,3568,3568,3568,220,210,210,210,0,0,0,0,0,0,0,0,60,0,0,1,1,2023-10-12
23:32.3,71.35,0.06,0.85,0.051,0,71.35,71.35,5,1,26.9,0,75,0,0,0,3570,12,3565,7,3567,22,2,21,2,21,3567,3567,3567,3567,3568,3567,3565,3568,3567,3565,3568,3570,3568,3568,3568,3568,3568,3568,3568,3568,220,210,210,210,0,0,0,0,0,0,0,0,60,0,0,1,1,2023-10-12
23:33.3,71.35,0.06,0.85,0.051,0,71.35,71.35,5,1,26.9,0,75,0,0,0,3570,16,3565,10,3567,22,2,21,2,21,3567,3567,3568,3567,3567,3567,3567,3568,3567,3565,3568,3568,3568,3568,3568,3570,3568,3570,3568,3568,220,210,220,210,0,0,0,0,0,0,0,0,60,0,0,1,1,2023-10-12
23:34.3,71.35,0.06,0.85,0.051,0,71.35,71.35,5,1,26.9,0,75,0,0,0,3570,16,3565,10,3567,22,2,21,2,21,3567,3567,3568,3567,3567,3567,3567,3568,3567,3565,3568,3568,3568,3568,3568,3570,3568,3570,3568,3568,220,210,220,210,0,0,0,0,0,0,0,0,60,0,0,1,1,2023-10-12
23:35.3,71.35,0.06,0.85,0.051,0,71.35,71.35,3,1,26.9,0,75,0,0,0,3568,3,3565,10,3567,22,2,21,2,21,3567,3567,3568,3567,3568,3567,3567,3568,3567,3565,3568,3568,3568,3568,3568,3568,3568,3568,3568,3568,220,210,210,210,0,0,0,0,0,0,0,0,60,0,0,1,1,2023-10-12
23:36.3,71.35,0.06,0.85,0.051,0,71.35,71.35,3,1,26.9,0,75,0,0,0,3568,3,3565,10,3567,22,2,21,4,21,3567,3567,3568,3567,3568,3567,3567,3568,3567,3565,3568,3568,3568,3568,3568,3568,3568,3568,3568,3568,220,220,220,210,0,0,0,0,0,0,0,0,60,0,0,1,1,2023-10-12
23:37.3,71.35,0.07,0.85,0.0595,0,71.35,71.35,5,1,26.9,0,75,0,0,0,3570,16,3565,10,3567,22,2,21,2,21,3567,3567,3568,3567,3567,3567,3567,3568,3567,3565,3568,3568,3568,3568,3568,3570,3568,3568,3568,3568,220,210,220,210,0,0,0,0,0,0,0,0,60,0,0,1,1,2023-10-12
23:38.3,71.35,0.06,0.85,0.051,0,71.35,71.35,5,1,26.9,0,75,0,0,0,3570,16,3565,10,3567,22,2,21,2,21,3567,3567,3568,3567,3567,3567,3567,3568,3567,3565,3568,3568,3568,3568,3568,3570,3568,3568,3568,3568,220,210,210,210,0,0,0,0,0,0,0,0,60,0,0,1,1,2023-10-12
23:39.3,71.35,0.07,0.85,0.0595,0,71.35,71.35,5,1,26.9,0,75,0,0,0,3570,15,3565,7,3567,22,2,21,2,21,3567,3567,3567,3567,3568,3567,3565,3568,3567,3565,3568,3568,3568,3568,3570,3570,3568,3568,3568,3568,220,210,210,210,0,0,0,0,0,0,0,0,60,0,0,1,1,2023-10-12
23:40.3,71.35,0.07,0.85,0.0595,0,71.35,71.35,5,1,26.9,0,75,0,0,0,3570,16,3565,10,3567,22,2,21,2,21,3567,3567,3567,3567,3568,3567,3567,3568,3567,3565,3568,3568,3568,3568,3568,3570,3568,3568,3568,3568,220,210,210,210,0,0,0,0,0,0,0,0,60,0,0,1,1,2023-10-12
23:41.3,71.35,0.06,0.85,0.051,0,71.35,71.35,5,1,26.9,0,75,0,0,0,3570,16,3565,10,3567,22,2,21,2,21,3567,3567,3568,3567,3567,3567,3567,3568,3567,3565,3568,3568,3568,3568,3568,3570,3568,3570,3568,3568,220,210,210,210,0,0,0,0,0,0,0,0,60,0,0,1,1,2023-10-12
23:42.3,71.35,0.06,0.85,0.051,0,71.34,71.34,3,1,26.9,0,75,0,0,0,3568,5,3565,10,3567,22,2,21,2,21,3567,3567,3567,3567,3568,3567,3567,3567,3567,3565,3568,3568,3568,3568,3568,3568,3568,3568,3568,3568,220,210,210,210,0,0,0,0,0,0,0,0,60,0,0,1,1,2023-10-12
23:43.3,71.35,0.07,0.85,0.0595,0,71.35,71.35,5,1,26.9,0,75,0,0,0,3570,16,3565,7,3567,22,2,21,2,21,3567,3567,3567,3567,3568,3567,3565,3568,3567,3565,3568,3568,3568,3568,3568,3570,3568,3570,3568,3568,220,210,210,210,0,0,0,0,0,0,0,0,60,0,0,1,1,2023-10-12
23:44.3,71.35,0.07,0.85,0.0595,0,71.35,71.35,5,1,26.9,0,75,0,0,0,3570,18,3565,10,3567,22,2,21,2,21,3567,3567,3568,3567,3568,3567,3567,3567,3567,3565,3568,3568,3568,3568,3568,3568,3568,3570,3568,3568,220,210,210,210,0,0,0,0,0,0,0,0,60,0,0,1,1,2023-10-12
23:45.3,71.35,0.08,0.85,0.068,0,71.34,71.34,5,1,26.9,0,75,0,0,0,3570,16,3565,7,3567,22,2,21,2,21,3567,3567,3567,3567,3567,3567,3565,3568,3567,3565,3568,3568,3568,3568,3568,3570,3568,3568,3568,3568,220,210,210,210,0,0,0,0,0,0,0,0,60,0,0,1,1,2023-10-12
23:46.3,71.35,0.08,0.85,0.068,0,71.35,71.35,5,1,26.9,0,75,0,0,0,3570,16,3565,10,3567,22,2,21,2,21,3567,3567,3567,3567,3567,3567,3567,3568,3567,3565,3568,3568,3568,3568,3568,3570,3568,3568,3568,3568,220,210,210,210,0,0,0,0,0,0,0,0,60,0,0,1,1,2023-10-12
23:47.3,71.35,0.07,0.85,0.0595,0,71.35,71.35,5,1,26.9,0,75,0,0,0,3570,18,3565,10,3567,22,2,21,2,21,3567,3567,3568,3567,3568,3567,3567,3567,3567,3565,3568,3568,3568,3568,3568,3568,3568,3570,3568,3568,220,210,210,210,0,0,0,0,0,0,0,0,60,0,0,1,1,2023-10-12
23:48.3,71.35,0.07,0.85,0.0595,0,71.35,71.35,5,1,26.9,0,75,0,0,0,3570,16,3565,10,3567,22,2,21,2,21,3567,3567,3567,3567,3567,3567,3567,3567,3567,3565,3568,3568,3568,3568,3568,3570,3568,3570,3568,3568,220,210,210,210,0,0,0,0,0,0,0,0,60,0,0,1,1,2023-10-12
23:49.3,71.36,0.07,0.85,0.0595,0,71.35,71.35,5,1,26.9,0,75,0,0,0,3570,11,3565,10,3567,22,2,21,2,21,3567,3567,3568,3567,3567,3567,3567,3568,3567,3565,3570,3568,3568,3568,3568,3570,3568,3570,3568,3568,220,210,210,210,0,0,0,0,0,0,0,0,60,0,0,1,1,2023-10-12
23:50.3,71.35,0.08,0.85,0.068,0,71.35,71.35,3,1,26.9,0,75,0,0,0,3568,3,3565,10,3567,22,2,21,2,21,3567,3567,3568,3567,3567,3567,3567,3568,3567,3565,3568,3568,3568,3568,3568,3568,3568,3568,3568,3568,220,210,210,210,0,0,0,0,0,0,0,0,60,0,0,1,1,2023-10-12
23:51.3,71.35,0.06,0.85,0.051,0,71.35,71.35,5,1,26.9,0,75,0,0,0,3570,16,3565,10,3567,22,2,21,3,21,3567,3567,3567,3567,3567,3567,3567,3567,3567,3565,3568,3568,3568,3568,3568,3570,3568,3568,3568,3568,220,220,210,210,0,0,0,0,0,0,0,0,60,0,0,1,1,2023-10-12
23:52.3,71.35,0.05,0.85,0.0425,0,71.35,71.35,5,1,26.9,0,75,0,0,0,3570,19,3565,10,3567,22,2,21,3,21,3567,3567,3567,3567,3567,3567,3567,3567,3567,3565,3568,3568,3568,3568,3568,3568,3568,3568,3570,3568,220,220,210,210,0,0,0,0,0,0,0,0,60,0,0,1,1,2023-10-12
23:53.3,71.35,0.05,0.85,0.0425,0,71.34,71.34,3,1,26.9,0,75,0,0,0,3568,11,3565,10,3567,22,2,21,3,21,3567,3567,3567,3567,3567,3567,3567,3567,3567,3565,3568,3568,3568,3568,3568,3568,3568,3568,3568,3568,220,220,210,210,0,0,0,0,0,0,0,0,60,0,0,1,1,2023-10-12
23:54.3,71.35,0.07,0.85,0.0595,0,71.35,71.35,5,1,26.9,0,75,0,0,0,3570,16,3565,10,3567,22,2,21,2,21,3567,3567,3567,3567,3567,3567,3567,3568,3567,3565,3568,3568,3568,3568,3568,3570,3568,3570,3568,3568,220,210,210,210,0,0,0,0,0,0,0,0,60,0,0,1,1,2023-10-12
23:55.3,71.35,0.08,0.85,0.068,0,71.35,71.35,5,1,26.9,0,75,0,0,0,3570,16,3565,7,3567,22,2,21,2,21,3567,3567,3567,3567,3567,3567,3565,3568,3567,3565,3568,3568,3568,3568,3568,3570,3568,3570,3568,3568,220,210,210,210,0,0,0,0,0,0,0,0,60,0,0,1,1,2023-10-12
23:56.3,71.35,0.08,0.85,0.068,0,71.35,71.35,5,1,26.9,0,75,0,0,0,3570,16,3565,10,3567,22,2,21,3,21,3567,3567,3568,3567,3567,3567,3567,3567,3567,3565,3568,3568,3568,3568,3568,3570,3568,3570,3568,3568,220,220,210,210,0,0,0,0,0,0,0,0,60,0,0,1,1,2023-10-12
23:57.3,71.35,0.08,0.85,0.068,0,71.35,71.35,5,1,26.9,0,75,0,0,0,3570,16,3565,10,3567,22,2,21,2,21,3567,3567,3567,3567,3567,3567,3567,3568,3567,3565,3568,3568,3568,3568,3568,3570,3568,3570,3568,3568,220,210,210,210,0,0,0,0,0,0,0,0,60,0,0,1,1,2023-10-12
23:58.3,71.35,0.08,0.85,0.068,0,71.35,71.35,5,1,26.9,0,75,0,0,0,3570,16,3565,7,3567,22,2,21,3,21,3567,3567,3567,3567,3568,3567,3565,3568,3567,3565,3568,3568,3568,3568,3568,3570,3568,3568,3568,3568,220,220,210,210,0,0,0,0,0,0,0,0,60,0,0,1,1,2023-10-12
23:59.3,72.51,10.17,0.85,8.6445,0,72.51,72.51,20,1,26.9,0,75,0,0,0,3636,12,3616,3,3625,22,2,21,2,21,3628,3619,3616,3634,3630,3616,3619,3631,3634,3619,3622,3636,3631,3622,3618,3633,3636,3618,3622,3630,220,210,210,210,0,0,0,0,0,0,0,0,60,0,0,1,1,2023-10-12
24:00.3,72.58,25.27,0.85,21.4795,0,72.57,72.57,20,1,26.9,0,75,0,0,0,3639,12,3619,3,3628,22,2,21,2,21,3631,3624,3619,3637,3634,3619,3624,3633,3637,3622,3625,3639,3634,3625,3621,3636,3639,3621,3625,3634,220,210,210,210,0,0,0,0,0,0,0,0,60,0,0,1,1,2023-10-12
24:01.3,72.62,25.29,0.85,21.4965,0,72.61,72.61,21,1,26.9,0,75,0,0,0,3642,12,3621,6,3630,22,2,21,2,21,3633,3625,3622,3640,3636,3621,3625,3636,3639,3624,3628,3642,3636,3627,3622,3637,3640,3622,3628,3636,220,210,210,210,0,0,0,0,0,0,0,0,60,0,0,1,1,2023-10-12
24:02.3,72.65,25.28,0.85,21.488,0,72.65,72.65,21,1,26.9,0,75,0,0,0,3643,12,3622,3,3632,22,2,21,3,21,3634,3627,3622,3642,3637,3622,3627,3637,3642,3625,3630,3643,3637,3628,3624,3639,3643,3624,3630,3637,220,220,210,210,0,0,0,0,0,0,0,0,60,0,0,1,1,2023-10-12
24:03.3,72.67,25.28,0.85,21.488,0,72.67,72.67,19,1,26.9,0,75,0,0,0,3643,9,3624,3,3633,22,2,21,2,21,3636,3628,3624,3642,3639,3624,3628,3639,3643,3628,3631,3643,3639,3631,3625,3639,3643,3625,3630,3637,220,210,210,210,0,0,0,0,0,0,0,0,60,0,0,1,1,2023-10-12
24:04.3,72.69,25.27,0.85,21.4795,0,72.69,72.69,22,1,26.9,0,75,0,0,0,3646,17,3624,6,3634,22,2,21,2,21,3637,3630,3625,3643,3640,3624,3628,3639,3643,3628,3631,3645,3640,3631,3627,3640,3646,3627,3631,3639,220,210,210,210,0,0,0,0,0,0,0,0,60,0,0,1,1,2023-10-12
24:05.3,72.72,25.28,0.85,21.488,0,72.71,72.71,21,1,27,0,75,0,0,0,3646,12,3625,3,3635,22,2,21,2,21,3639,3631,3625,3645,3640,3625,3630,3640,3645,3628,3633,3646,3642,3633,3628,3642,3646,3627,3631,3639,220,210,210,210,0,0,0,0,0,0,0,0,60,0,0,1,1,2023-10-12
24:06.3,72.74,25.28,0.85,21.488,0,72.73,72.73,21,1,27,0,75,0,0,0,3648,17,3627,3,3636,22,2,21,2,21,3639,3631,3627,3646,3642,3627,3631,3642,3646,3630,3633,3646,3642,3633,3630,3643,3648,3628,3633,3642,220,210,210,210,0,0,0,0,0,0,0,0,60,0,0,1,1,2023-10-12
24:07.3,72.75,25.28,0.85,21.488,0,72.75,72.75,22,1,27,0,75,0,0,0,3649,17,3627,6,3637,22,2,21,2,21,3640,3631,3628,3646,3642,3627,3633,3642,3646,3631,3634,3648,3643,3634,3630,3643,3649,3628,3634,3642,220,210,210,210,0,0,0,0,0,0,0,0,60,0,0,1,1,2023-10-12
24:08.3,72.77,25.28,0.85,21.488,0,72.77,72.77,21,1,27,0,75,0,0,0,3649,12,3628,3,3638,22,2,21,3,21,3640,3633,3628,3648,3643,3628,3633,3643,3648,3633,3636,3649,3645,3636,3630,3645,3649,3630,3634,3643,220,220,210,210,0,0,0,0,0,0,0,0,60,0,0,1,1,2023-10-12
24:09.3,72.79,25.28,0.85,21.488,0,72.78,72.78,19,1,27,0,75,0,0,0,3649,12,3630,3,3639,22,2,21,2,21,3642,3634,3630,3648,3643,3630,3633,3643,3648,3633,3636,3649,3645,3636,3631,3645,3649,3631,3636,3643,220,210,210,210,0,0,0,0,0,0,0,0,60,0,0,1,1,2023-10-12
24:10.3,72.81,25.28,0.85,21.488,0,72.8,72.8,21,1,27.1,0,75,0,0,0,3651,12,3630,6,3640,22,2,21,2,21,3642,3634,3631,3649,3645,3630,3634,3645,3649,3634,3637,3651,3645,3637,3633,3646,3651,3631,3637,3645,220,210,210,210,0,0,0,0,0,0,0,0,60,0,0,1,1,2023-10-12
24:11.3,72.82,25.27,0.85,21.4795,0,72.81,72.81,20,1,27.1,0,75,0,0,0,3651,4,3631,3,3640,22,2,21,3,21,3643,3636,3631,3651,3645,3631,3634,3645,3649,3634,3637,3651,3646,3637,3633,3646,3651,3633,3637,3645,220,220,210,210,0,0,0,0,0,0,0,0,60,0,0,1,1,2023-10-12
24:12.3,72.84,25.28,0.85,21.488,0,72.83,72.83,21,1,27.1,0,75,0,0,0,3652,12,3631,3,3641,22,2,21,2,21,3643,3637,3631,3651,3646,3631,3636,3646,3651,3636,3639,3652,3648,3639,3633,3648,3652,3633,3639,3645,220,210,210,210,0,0,0,0,0,0,0,0,60,0,0,1,1,2023-10-12
24:13.3,72.85,25.29,0.85,21.4965,0,72.84,72.84,19,1,27.1,0,75,0,0,0,3652,9,3633,3,3642,22,2,21,2,21,3645,3637,3633,3651,3646,3633,3636,3648,3652,3636,3639,3652,3648,3639,3634,3648,3652,3634,3639,3646,220,210,210,210,0,0,0,0,0,0,0,0,60,0,0,1,1,2023-10-12
24:14.3,72.87,25.28,0.85,21.488,0,72.86,72.86,21,1,27.1,0,75,0,0,0,3654,12,3633,3,3643,22,2,21,2,21,3645,3639,3633,3652,3648,3633,3637,3648,3652,3637,3640,3654,3649,3639,3636,3649,3654,3634,3639,3648,220,210,210,210,0,0,0,0,0,0,0,0,60,0,0,1,1,2023-10-12
24:15.3,72.88,25.29,0.85,21.4965,0,72.87,72.87,21,1,27.2,0,75,0,0,0,3655,17,3634,3,3643,22,2,21,3,21,3646,3639,3634,3652,3648,3634,3639,3649,3652,3637,3640,3654,3649,3640,3636,3651,3655,3636,3640,3648,220,220,210,210,0,0,0,0,0,0,0,0,60,0,0,1,1,2023-10-12
24:16.3,72.89,25.29,0.85,21.4965,0,72.89,72.89,21,1,27.2,0,75,0,0,0,3655,12,3634,3,3644,22,2,21,2,21,3646,3639,3634,3654,3648,3634,3639,3649,3654,3639,3640,3655,3649,3642,3637,3651,3655,3636,3640,3649,220,210,210,210,0,0,0,0,0,0,0,0,60,0,0,1,1,2023-10-12
24:17.3,72.91,25.3,0.85,21.505,0,72.9,72.9,19,1,27.2,0,75,0,0,0,3655,12,3636,3,3645,22,2,21,4,21,3648,3640,3636,3654,3649,3636,3639,3651,3654,3639,3642,3655,3651,3642,3637,3651,3655,3636,3642,3649,220,220,220,210,0,0,0,0,0,0,0,0,60,0,0,1,1,2023-10-12
24:18.3,72.92,25.29,0.85,21.4965,0,72.91,72.91,21,1,27.2,0,75,0,0,0,3657,17,3636,6,3645,22,2,21,2,21,3648,3640,3637,3655,3651,3636,3640,3651,3654,3639,3642,3655,3651,3642,3637,3652,3657,3637,3642,3651,220,210,210,210,0,0,0,0,0,0,0,0,60,0,0,1,1,2023-10-12
24:19.3,72.93,25.29,0.85,21.4965,0,72.92,72.92,21,1,27.2,0,75,0,0,0,3657,12,3636,6,3646,22,2,21,2,21,3649,3642,3637,3655,3651,3636,3642,3651,3655,3640,3643,3657,3652,3642,3637,3652,3657,3637,3642,3649,220,210,210,210,0,0,0,0,0,0,0,0,60,0,0,1,1,2023-10-12
24:20.3,72.94,25.29,0.85,21.4965,0,72.94,72.94,20,1,27.2,0,75,0,0,0,3657,4,3637,3,3647,22,2,21,2,21,3649,3642,3637,3657,3652,3637,3642,3651,3655,3642,3643,3657,3652,3643,3639,3652,3657,3639,3643,3651,220,210,210,210,0,0,0,0,0,0,0,0,60,0,0,1,1,2023-10-12
24:21.3,72.95,25.29,0.85,21.4965,0,72.94,72.94,21,1,27.3,0,75,0,0,0,3658,12,3637,3,3647,22,2,21,2,21,3649,3642,3637,3657,3652,3637,3642,3652,3657,3640,3645,3658,3652,3645,3639,3652,3658,3639,3643,3652,220,210,210,210,0,0,0,0,0,0,0,0,60,0,0,1,1,2023-10-12
24:22.3,72.96,25.3,0.85,21.505,0,72.96,72.96,19,1,27.3,0,75,0,0,0,3658,12,3639,3,3648,22,2,21,2,21,3651,3643,3639,3657,3652,3639,3642,3652,3657,3642,3645,3658,3654,3645,3640,3654,3658,3639,3645,3652,220,210,210,210,0,0,0,0,0,0,0,0,60,0,0,1,1,2023-10-12
24:23.3,72.97,25.3,0.85,21.505,0,72.97,72.97,21,1,27.3,0,75,0,0,0,3660,12,3639,3,3648,22,2,21,2,21,3651,3643,3639,3658,3652,3639,3643,3652,3657,3642,3646,3660,3654,3645,3640,3655,3658,3640,3645,3654,220,210,210,210,0,0,0,0,0,0,0,0,60,0,0,1,1,2023-10-12
24:24.3,72.99,25.3,0.85,21.505,0,72.98,72.98,21,1,27.3,0,75,0,0,0,3660,12,3639,6,3649,22,2,21,2,21,3651,3643,3640,3658,3654,3639,3643,3654,3658,3643,3646,3660,3655,3646,3640,3655,3660,3640,3646,3654,220,210,210,210,0,0,0,0,0,0,0,0,60,0,0,1,1,2023-10-12
24:25.3,73,25.3,0.85,21.505,0,72.99,72.99,21,1,27.3,0,75,0,0,0,3661,12,3640,3,3649,22,2,21,2,21,3652,3645,3640,3658,3655,3640,3643,3654,3660,3643,3646,3661,3655,3646,3642,3655,3660,3642,3646,3654,220,210,210,210,0,0,0,0,0,0,0,0,60,0,0,1,1,2023-10-12
24:26.3,73.01,25.29,0.85,21.4965,0,73,73,20,1,27.4,0,75,0,0,0,3660,4,3640,6,3650,22,2,21,3,21,3652,3645,3642,3660,3654,3640,3645,3655,3660,3645,3648,3660,3655,3646,3642,3657,3660,3642,3646,3655,220,220,210,210,0,0,0,0,0,0,0,0,60,0,0,1,1,2023-10-12
24:27.3,73.02,25.3,0.85,21.505,0,73.01,73.01,21,1,27.4,0,75,0,0,0,3661,12,3640,6,3650,22,2,21,2,21,3654,3645,3642,3660,3655,3640,3645,3655,3660,3645,3648,3661,3655,3648,3642,3657,3661,3642,3648,3655,220,210,210,210,0,0,0,0,0,0,0,0,60,0,0,1,1,2023-10-12
24:28.3,73.03,25.3,0.85,21.505,0,73.03,73.03,21,1,27.4,0,75,0,0,0,3663,17,3642,3,3651,22,2,21,2,21,3654,3646,3642,3661,3657,3642,3646,3655,3660,3645,3648,3661,3657,3648,3642,3657,3663,3643,3648,3655,220,210,210,210,0,0,0,0,0,0,0,0,60,0,0,1,1,2023-10-12
24:29.3,73.04,25.3,0.85,21.505,0,73.03,73.03,21,1,27.4,0,75,0,0,0,3663,17,3642,3,3651,22,2,21,4,21,3654,3646,3642,3660,3657,3642,3646,3657,3661,3645,3648,3661,3658,3648,3643,3658,3663,3643,3648,3657,220,220,220,210,0,0,0,0,0,0,0,0,60,0,0,1,1,2023-10-12
24:30.3,73.05,25.3,0.85,21.505,0,73.05,73.05,21,1,27.4,0,75,0,0,0,3663,12,3642,6,3652,22,2,21,2,21,3655,3648,3643,3661,3657,3642,3646,3657,3661,3646,3649,3663,3658,3649,3645,3658,3663,3643,3649,3657,220,210,210,210,0,0,0,0,0,0,0,0,60,0,0,1,1,2023-10-12
24:31.3,73.05,25.3,0.85,21.505,0,73.05,73.05,20,1,27.4,0,75,0,0,0,3663,4,3643,3,3652,22,2,21,3,21,3654,3646,3643,3663,3657,3643,3646,3657,3661,3646,3649,3663,3658,3649,3645,3660,3663,3645,3649,3657,220,220,210,210,0,0,0,0,0,0,0,0,60,0,0,1,1,2023-10-12
24:32.3,73.07,25.3,0.85,21.505,0,73.06,73.06,21,1,27.5,0,75,0,0,0,3664,12,3643,6,3653,22,2,21,2,21,3655,3648,3645,3663,3657,3643,3648,3658,3663,3648,3649,3664,3658,3649,3645,3660,3663,3645,3649,3658,220,210,210,220,0,0,0,0,0,0,0,0,60,0,0,1,1,2023-10-12
24:33.3,73.07,25.3,0.85,21.505,0,73.07,73.07,21,1,27.5,0,75,0,0,0,3664,12,3643,6,3653,22,2,21,2,21,3655,3648,3645,3663,3658,3643,3648,3658,3663,3648,3649,3664,3660,3651,3645,3660,3664,3645,3649,3658,220,210,210,210,0,0,0,0,0,0,0,0,60,0,0,1,1,2023-10-12
24:34.3,73.09,25.32,0.85,21.522,0,73.08,73.08,19,1,27.5,0,75,0,0,0,3664,12,3645,3,3654,22,2,21,2,21,3657,3649,3645,3663,3658,3645,3648,3660,3663,3648,3651,3664,3660,3651,3646,3661,3664,3645,3651,3658,220,210,210,210,0,0,0,0,0,0,0,0,60,0,0,1,1,2023-10-12
24:35.3,73.09,25.31,0.85,21.5135,0,73.09,73.09,21,1,27.5,0,75,0,0,0,3666,12,3645,3,3654,22,2,21,2,21,3657,3649,3645,3663,3660,3645,3649,3660,3663,3649,3651,3666,3660,3651,3646,3660,3664,3646,3651,3658,220,210,210,210,0,0,0,0,0,0,0,0,60,0,0,1,1,2023-10-12
24:36.3,73.1,25.3,0.85,21.505,0,73.1,73.1,21,1,27.5,0,75,0,0,0,3666,12,3645,3,3655,22,2,21,3,21,3657,3649,3645,3664,3660,3646,3649,3660,3663,3648,3651,3666,3660,3651,3648,3661,3666,3646,3652,3660,220,220,210,210,0,0,0,0,0,0,0,0,60,0,0,1,1,2023-10-12
24:37.3,73.11,25.3,0.85,21.505,0,73.11,73.11,21,1,27.6,0,75,0,0,0,3666,4,3645,6,3655,22,2,21,2,21,3658,3651,3646,3666,3660,3645,3649,3660,3664,3649,3652,3666,3661,3652,3646,3661,3666,3646,3652,3660,220,210,210,210,0,0,0,0,0,0,0,0,60,0,0,1,1,2023-10-12
24:38.3,73.12,25.3,0.85,21.505,0,73.12,73.12,21,1,27.6,0,75,0,0,0,3667,12,3646,3,3656,22,2,21,2,21,3658,3651,3646,3666,3661,3646,3651,3660,3664,3649,3652,3667,3661,3652,3648,3663,3666,3648,3652,3660,220,210,210,210,0,0,0,0,0,0,0,0,60,0,0,1,1,2023-10-12
24:39.3,73.13,25.29,0.85,21.4965,0,73.13,73.13,21,1,27.6,0,75,0,0,0,3667,12,3646,6,3656,22,2,21,2,21,3658,3651,3648,3666,3661,3646,3651,3661,3666,3651,3652,3667,3661,3652,3648,3663,3667,3648,3652,3661,220,210,210,210,0,0,0,0,0,0,0,0,60,0,0,1,1,2023-10-12
24:40.3,73.13,25.31,0.85,21.5135,0,73.13,73.13,23,1,27.6,0,75,0,0,0,3669,12,3646,3,3656,22,2,21,2,21,3658,3652,3646,3666,3661,3646,3651,3661,3666,3651,3652,3669,3661,3652,3648,3663,3667,3648,3652,3661,220,210,210,210,0,0,0,0,0,0,0,0,60,0,0,1,1,2023-10-12
24:41.3,73.14,25.3,0.85,21.505,0,73.14,73.14,19,1,27.6,0,75,0,0,0,3667,12,3648,3,3657,22,2,21,3,21,3660,3652,3648,3666,3661,3648,3652,3661,3666,3651,3654,3667,3661,3654,3648,3664,3667,3648,3654,3661,220,220,210,210,0,0,0,0,0,0,0,0,60,0,0,1,1,2023-10-12
24:42.3,73.15,19.64,0.85,16.694,0,73.15,73.15,21,1,27.6,0,75,0,0,0,3669,12,3648,3,3657,22,2,21,2,21,3660,3651,3648,3667,3663,3648,3652,3661,3666,3651,3654,3669,3663,3654,3649,3663,3669,3649,3654,3661,220,210,220,210,0,0,0,0,0,0,0,0,60,0,0,1,1,2023-10-12
24:43.3,71.97,0.1,0.85,0.085,0,71.97,71.97,3,1,27.6,0,75,0,0,0,3600,11,3597,1,3598,22,2,21,2,21,3597,3597,3598,3598,3598,3598,3597,3598,3598,3597,3600,3598,3598,3600,3600,3600,3598,3600,3600,3600,220,210,210,210,0,0,0,0,0,0,0,0,60,0,0,1,1,2023-10-12
24:44.3,71.93,0.1,0.85,0.085,0,71.93,71.93,4,1,27.6,0,75,0,0,0,3598,15,3594,10,3596,22,2,21,3,21,3595,3595,3597,3597,3597,3595,3595,3597,3595,3594,3597,3597,3597,3597,3598,3598,3597,3598,3598,3597,220,220,210,210,0,0,0,0,0,0,0,0,60,0,0,1,1,2023-10-12
24:45.3,71.91,0.11,0.85,0.0935,0,71.91,71.91,3,1,27.6,0,75,0,0,0,3597,11,3594,1,3595,22,2,21,2,21,3594,3595,3595,3595,3595,3595,3594,3595,3595,3594,3597,3595,3597,3597,3597,3597,3597,3595,3597,3597,220,210,210,220,0,0,0,0,0,0,0,0,60,0,0,1,1,2023-10-12
24:46.3,71.89,0.1,0.85,0.085,0,71.88,71.88,3,1,27.6,0,75,0,0,0,3595,11,3592,10,3594,22,2,21,2,21,3594,3594,3594,3594,3594,3594,3594,3594,3594,3592,3595,3595,3595,3595,3595,3595,3595,3595,3595,3595,220,210,210,220,0,0,0,0,0,0,0,0,60,0,0,1,1,2023-10-12
24:47.3,71.87,0.11,0.85,0.0935,0,71.87,71.87,3,1,27.6,0,75,0,0,0,3595,14,3592,1,3593,22,2,21,3,21,3592,3592,3594,3594,3592,3594,3592,3594,3592,3592,3594,3594,3594,3595,3594,3595,3595,3594,3595,3594,220,220,210,210,0,0,0,0,0,0,0,0,60,0,0,1,1,2023-10-12
24:48.3,71.86,0.11,0.85,0.0935,0,71.85,71.85,3,1,27.6,0,75,0,0,0,3594,11,3591,7,3592,22,2,21,3,21,3592,3592,3592,3592,3592,3592,3591,3592,3592,3591,3594,3594,3594,3594,3594,3594,3594,3594,3594,3594,220,220,210,210,0,0,0,0,0,0,0,0,60,0,0,1,1,2023-10-12
24:49.3,71.85,0.11,0.85,0.0935,0,71.84,71.84,3,1,27.6,0,75,0,0,0,3594,11,3591,1,3592,22,2,21,4,21,3591,3591,3592,3591,3592,3592,3591,3592,3592,3591,3594,3592,3594,3594,3594,3594,3592,3594,3592,3594,220,220,220,210,0,0,0,0,0,0,0,0,60,0,0,1,1,2023-10-12
24:50.3,71.84,0.11,0.85,0.0935,0,71.83,71.83,3,1,27.6,0,75,0,0,0,3594,14,3591,1,3591,22,2,21,4,21,3591,3591,3592,3591,3592,3591,3591,3592,3591,3591,3592,3592,3592,3594,3592,3592,3592,3592,3592,3592,220,220,220,210,0,0,0,0,0,0,0,0,60,0,0,1,1,2023-10-12
24:51.3,71.83,0.12,0.85,0.102,0,71.82,71.82,3,1,27.6,0,75,0,0,0,3592,11,3589,2,3591,22,2,21,4,21,3591,3589,3591,3591,3591,3591,3591,3591,3591,3589,3592,3592,3592,3592,3592,3592,3592,3592,3592,3592,220,220,220,210,0,0,0,0,0,0,0,0,60,0,0,1,1,2023-10-12
24:52.3,71.82,0.11,0.85,0.0935,0,71.82,71.82,3,1,27.6,0,75,0,0,0,3592,11,3589,1,3591,22,2,21,2,21,3589,3591,3591,3591,3591,3591,3589,3591,3591,3589,3592,3592,3592,3592,3592,3592,3591,3591,3592,3591,220,210,210,210,0,0,0,0,0,0,0,0,60,0,0,1,1,2023-10-12
24:53.3,71.81,0.1,0.85,0.085,0,71.8,71.8,4,1,27.6,0,75,0,0,0,3592,11,3588,10,3590,22,2,21,2,21,3589,3589,3591,3591,3589,3589,3589,3589,3589,3588,3592,3591,3591,3591,3592,3591,3591,3591,3592,3591,220,210,210,210,0,0,0,0,0,0,0,0,60,0,0,1,1,2023-10-12
24:54.3,71.8,0.11,0.85,0.0935,0,71.8,71.8,3,1,27.6,0,75,0,0,0,3591,8,3588,10,3590,22,2,21,3,21,3589,3589,3589,3589,3589,3589,3589,3591,3589,3588,3591,3591,3591,3591,3591,3591,3591,3591,3591,3591,220,220,210,210,0,0,0,0,0,0,0,0,60,0,0,1,1,2023-10-12
24:55.3,71.8,0.11,0.85,0.0935,0,71.8,71.8,3,1,27.6,0,75,0,0,0,3591,8,3588,10,3590,22,2,21,3,21,3589,3589,3589,3589,3589,3589,3589,3591,3589,3588,3591,3591,3591,3591,3591,3591,3591,3591,3591,3591,220,220,210,210,0,0,0,0,0,0,0,0,60,0,0,1,1,2023-10-12
24:56.3,71.8,0.11,0.85,0.0935,0,71.8,71.8,3,1,27.6,0,75,0,0,0,3591,8,3588,10,3590,22,2,21,3,21,3589,3589,3589,3589,3589,3589,3589,3591,3589,3588,3591,3591,3591,3591,3591,3591,3591,3591,3591,3591,220,220,210,210,0,0,0,0,0,0,0,0,60,0,0,1,1,2023-10-12
24:57.3,71.8,0.11,0.85,0.0935,0,71.8,71.8,3,1,27.6,0,75,0,0,0,3591,8,3588,10,3590,22,2,21,3,21,3589,3589,3589,3589,3589,3589,3589,3591,3589,3588,3591,3591,3591,3591,3591,3591,3591,3591,3591,3591,220,220,210,210,0,0,0,0,0,0,0,0,60,0,0,1,1,2023-10-12
24:58.3,71.8,0.11,0.85,0.0935,0,71.8,71.8,3,1,27.6,0,75,0,0,0,3591,8,3588,10,3590,22,2,21,3,21,3589,3589,3589,3589,3589,3589,3589,3591,3589,3588,3591,3591,3591,3591,3591,3591,3591,3591,3591,3591,220,220,210,210,0,0,0,0,0,0,0,0,60,0,0,1,1,2023-10-12
24:59.3,71.8,0.11,0.85,0.0935,0,71.8,71.8,3,1,27.6,0,75,0,0,0,3591,8,3588,10,3590,22,2,21,3,21,3589,3589,3589,3589,3589,3589,3589,3591,3589,3588,3591,3591,3591,3591,3591,3591,3591,3591,3591,3591,220,220,210,210,0,0,0,0,0,0,0,0,60,0,0,1,1,2023-10-12
DateTime(yyyy-mm-dd hh:mm:ss.000),Volt,Current,0.85,#VALUE!,State,Vin,Vout,Vdiff,Tdiff,SOC,SOH,SOP,FCC,RC,Cycle,Vmax,VmaxNo,Vmin,VminNo,Vavg,Tmax,TmaxNo,Tmin,TminNo,Tavg,Cell1,Cell2,Cell3,Cell4,Cell5,Cell6,Cell7,Cell8,Cell9,Cell10,Cell11,Cell12,Cell13,Cell14,Cell15,Cell16,Cell17,Cell18,Cell19,Cell20,Temp1,Temp2,Temp3,Temp4,TempFET,CB0,CB1,CB2,CB3,Fault0,Fault1,BmsSt0,BmsSt1,BmsSt2,BmsSt3,Ver,SerialNo,Manufacture
56:16.5,71.53,0.06,0.85,0.051,0,71.53,71.53,3,1,28.1,0,75,0,0,0,3579,4,3576,11,3576,22,1,21,2,21,3577,3577,3577,3579,3577,3577,3577,3579,3577,3577,3576,3576,3576,3576,3576,3576,3576,3576,3576,3576,220,210,210,210,0,0,0,0,0,0,0,0,60,0,0,1,1,2023-10-05
56:17.5,71.53,0.06,0.85,0.051,0,71.53,71.53,3,1,28.1,0,75,0,0,0,3579,4,3576,10,3576,22,1,21,2,21,3577,3577,3577,3579,3577,3577,3577,3577,3577,3576,3576,3576,3576,3576,3576,3576,3576,3576,3576,3576,220,210,220,210,0,0,0,0,0,0,0,0,60,0,0,1,1,2023-10-05
56:18.5,71.53,0.06,0.85,0.051,0,71.53,71.53,3,1,28.1,0,75,0,0,0,3579,4,3576,10,3576,22,1,21,3,21,3577,3577,3577,3579,3577,3577,3577,3577,3577,3576,3576,3576,3576,3576,3576,3577,3576,3576,3576,3576,220,220,210,220,0,0,0,0,0,0,0,0,60,0,0,1,1,2023-10-05
56:19.5,71.53,0.06,0.85,0.051,0,71.53,71.53,3,1,28.1,0,75,0,0,0,3579,8,3576,10,3576,22,1,21,3,21,3577,3577,3577,3577,3577,3577,3577,3579,3577,3576,3576,3576,3576,3576,3576,3576,3576,3576,3576,3576,220,220,210,210,0,0,0,0,0,0,0,0,60,0,0,1,1,2023-10-05
56:20.5,71.53,0.07,0.85,0.0595,0,71.53,71.53,3,1,28.1,0,75,0,0,0,3579,4,3576,10,3576,22,1,21,3,21,3577,3577,3577,3579,3577,3577,3577,3577,3577,3576,3576,3576,3576,3576,3576,3576,3576,3576,3576,3576,220,220,210,210,0,0,0,0,0,0,0,0,60,0,0,1,1,2023-10-05
56:21.5,71.53,0.06,0.85,0.051,0,71.53,71.53,3,1,28.1,0,75,0,0,0,3579,4,3576,10,3576,22,1,21,2,21,3577,3577,3577,3579,3577,3577,3577,3577,3577,3576,3576,3576,3576,3576,3576,3576,3576,3576,3576,3576,220,210,220,210,0,0,0,0,0,0,0,0,60,0,0,1,1,2023-10-05
56:22.5,71.53,0.06,0.85,0.051,0,71.53,71.53,3,1,28.1,0,75,0,0,0,3579,8,3576,10,3576,22,1,21,3,21,3577,3577,3577,3577,3577,3577,3577,3579,3577,3576,3576,3576,3576,3576,3576,3577,3576,3576,3576,3576,220,220,210,210,0,0,0,0,0,0,0,0,60,0,0,1,1,2023-10-05
56:23.5,71.53,0.07,0.85,0.0595,0,71.52,71.52,1,1,28.1,0,75,0,0,0,3577,1,3576,10,3576,22,1,21,3,21,3577,3577,3577,3577,3577,3577,3577,3577,3577,3576,3576,3576,3576,3576,3576,3576,3576,3576,3576,3576,220,220,210,210,0,0,0,0,0,0,0,0,60,0,0,1,1,2023-10-05
56:24.5,71.53,0.07,0.85,0.0595,0,71.52,71.52,1,1,28.1,0,75,0,0,0,3577,1,3576,10,3576,22,1,21,4,21,3577,3577,3577,3577,3577,3577,3577,3577,3577,3576,3576,3576,3576,3576,3576,3576,3576,3576,3576,3576,220,220,220,210,0,0,0,0,0,0,0,0,60,0,0,1,1,2023-10-05
56:25.5,71.53,0.08,0.85,0.068,0,71.52,71.52,3,1,28.1,0,75,0,0,0,3577,1,3574,12,3576,22,1,21,2,21,3577,3577,3577,3577,3577,3577,3577,3577,3577,3576,3576,3574,3576,3576,3576,3576,3574,3576,3576,3576,220,210,210,210,0,0,0,0,0,0,0,0,60,0,0,1,1,2023-10-05
56:26.5,71.53,0.08,0.85,0.068,0,71.53,71.53,1,1,28.1,0,75,0,0,0,3577,1,3576,10,3576,22,1,21,2,21,3577,3577,3577,3577,3577,3577,3577,3577,3577,3576,3576,3576,3576,3576,3576,3577,3576,3576,3576,3576,220,210,220,210,0,0,0,0,0,0,0,0,60,0,0,1,1,2023-10-05
56:27.5,71.53,0.08,0.85,0.068,0,71.53,71.53,3,1,28.1,0,75,0,0,0,3579,8,3576,2,3576,22,1,21,3,21,3577,3576,3577,3577,3577,3577,3577,3579,3577,3576,3576,3576,3576,3576,3576,3576,3576,3576,3576,3576,220,220,210,210,0,0,0,0,0,0,0,0,60,0,0,1,1,2023-10-05
56:28.5,71.53,0.08,0.85,0.068,0,71.53,71.53,1,1,28.1,0,75,0,0,0,3577,1,3576,11,3576,22,1,21,3,21,3577,3577,3577,3577,3577,3577,3577,3577,3577,3577,3576,3576,3576,3576,3576,3576,3576,3576,3576,3576,220,220,210,210,0,0,0,0,0,0,0,0,60,0,0,1,1,2023-10-05
56:29.5,71.53,0.07,0.85,0.0595,0,71.53,71.53,3,1,28.1,0,75,0,0,0,3579,4,3576,10,3576,22,1,21,4,21,3577,3577,3577,3579,3577,3577,3577,3577,3577,3576,3576,3576,3576,3576,3576,3576,3576,3576,3576,3576,220,220,220,210,0,0,0,0,0,0,0,0,60,0,0,1,1,2023-10-05
56:30.5,71.53,0.08,0.85,0.068,0,71.53,71.53,5,1,28.1,0,75,0,0,0,3579,4,3574,11,3576,22,1,21,4,21,3577,3577,3577,3579,3577,3577,3577,3577,3577,3576,3574,3576,3576,3576,3576,3577,3576,3576,3576,3576,220,220,220,210,0,0,0,0,0,0,0,0,60,0,0,1,1,2023-10-05
56:31.5,71.53,0.08,0.85,0.068,0,71.52,71.52,1,1,28.1,0,75,0,0,0,3577,1,3576,10,3576,22,1,21,3,21,3577,3577,3577,3577,3577,3577,3577,3577,3577,3576,3576,3576,3576,3576,3576,3576,3576,3576,3576,3576,220,220,210,210,0,0,0,0,0,0,0,0,60,0,0,1,1,2023-10-05
56:32.5,71.53,0.08,0.85,0.068,0,71.52,71.52,1,1,28.1,0,75,0,0,0,3577,1,3576,10,3576,22,1,21,2,21,3577,3577,3577,3577,3577,3577,3577,3577,3577,3576,3576,3576,3576,3576,3576,3576,3576,3576,3576,3576,220,210,210,210,0,0,0,0,0,0,0,0,60,0,0,1,1,2023-10-05
56:33.5,71.53,0.08,0.85,0.068,0,71.53,71.53,5,1,28.1,0,75,0,0,0,3579,4,3574,20,3576,22,1,21,2,21,3577,3577,3577,3579,3577,3577,3577,3577,3577,3576,3576,3576,3576,3576,3576,3577,3576,3576,3576,3574,220,210,210,210,0,0,0,0,0,0,0,0,60,0,0,1,1,2023-10-05
56:34.5,71.53,0.08,0.85,0.068,0,71.53,71.53,3,1,28.1,0,75,0,0,0,3579,4,3576,2,3576,22,1,21,3,21,3577,3576,3577,3579,3577,3577,3577,3577,3577,3577,3576,3576,3576,3576,3576,3576,3576,3576,3576,3576,220,220,210,210,0,0,0,0,0,0,0,0,60,0,0,1,1,2023-10-05
56:35.5,71.53,0.09,0.85,0.0765,0,71.52,71.52,5,1,28.1,0,75,0,0,0,3579,4,3574,12,3576,22,1,21,2,21,3577,3577,3577,3579,3577,3577,3577,3577,3577,3576,3576,3574,3576,3576,3576,3576,3576,3576,3576,3576,220,210,210,220,0,0,0,0,0,0,0,0,60,0,0,1,1,2023-10-05
56:36.5,71.53,0.09,0.85,0.0765,0,71.53,71.53,3,1,28.1,0,75,0,0,0,3579,4,3576,10,3576,22,1,21,3,21,3577,3577,3577,3579,3577,3577,3577,3577,3577,3576,3576,3576,3576,3576,3576,3576,3576,3576,3576,3576,220,220,210,210,0,0,0,0,0,0,0,0,60,0,0,1,1,2023-10-05
56:37.5,71.53,0.09,0.85,0.0765,0,71.53,71.53,3,1,28.1,0,75,0,0,0,3579,8,3576,2,3576,22,1,21,4,21,3577,3576,3577,3577,3577,3577,3577,3579,3577,3576,3576,3576,3576,3576,3576,3577,3576,3576,3576,3576,220,220,220,210,0,0,0,0,0,0,0,0,60,0,0,1,1,2023-10-05
56:38.5,71.53,0.09,0.85,0.0765,0,71.53,71.53,3,1,28.1,0,75,0,0,0,3579,4,3576,10,3576,22,1,21,3,21,3577,3577,3577,3579,3577,3577,3577,3577,3577,3576,3576,3576,3576,3576,3576,3577,3576,3576,3576,3576,220,220,210,210,0,0,0,0,0,0,0,0,60,0,0,1,1,2023-10-05
56:39.5,71.53,0.08,0.85,0.068,0,71.52,71.52,1,0,28.1,0,75,0,0,0,3577,1,3576,10,3576,22,1,22,3,22,3577,3577,3577,3577,3577,3577,3577,3577,3577,3576,3576,3576,3576,3576,3576,3576,3576,3576,3576,3576,220,220,220,220,0,0,0,0,0,0,0,0,60,0,0,1,1,2023-10-05
56:40.5,71.53,0.09,0.85,0.0765,0,71.52,71.52,5,1,28.1,0,75,0,0,0,3579,4,3574,12,3576,22,1,21,4,21,3577,3577,3577,3579,3577,3577,3577,3577,3577,3576,3576,3574,3576,3576,3576,3576,3576,3576,3576,3574,220,220,220,210,0,0,0,0,0,0,0,0,60,0,0,1,1,2023-10-05
56:41.5,71.53,0.1,0.85,0.085,0,71.53,71.53,3,1,28.1,0,75,0,0,0,3579,4,3576,10,3576,22,1,21,2,21,3577,3577,3577,3579,3577,3577,3577,3579,3577,3576,3576,3576,3576,3576,3576,3577,3576,3576,3576,3576,220,210,210,210,0,0,0,0,0,0,0,0,60,0,0,1,1,2023-10-05
56:42.5,71.53,0.1,0.85,0.085,0,71.53,71.53,1,1,28.1,0,75,0,0,0,3577,1,3576,10,3576,22,1,21,4,21,3577,3577,3577,3577,3577,3577,3577,3577,3577,3576,3576,3576,3576,3576,3576,3577,3576,3576,3576,3576,220,220,220,210,0,0,0,0,0,0,0,0,60,0,0,1,1,2023-10-05
56:43.5,71.53,0.1,0.85,0.085,0,71.53,71.53,3,1,28.1,0,75,0,0,0,3579,4,3576,2,3576,22,1,21,3,21,3577,3576,3577,3579,3577,3577,3577,3577,3577,3576,3576,3576,3576,3576,3576,3576,3576,3576,3576,3576,220,220,210,220,0,0,0,0,0,0,0,0,60,0,0,1,1,2023-10-05
56:44.5,71.53,0.1,0.85,0.085,0,71.53,71.53,3,1,28.1,0,75,0,0,0,3579,4,3576,10,3576,22,1,21,3,21,3577,3577,3577,3579,3577,3577,3577,3579,3577,3576,3576,3576,3576,3576,3576,3576,3576,3576,3576,3576,220,220,210,210,0,0,0,0,0,0,0,0,60,0,0,1,1,2023-10-05
56:45.5,71.53,0.1,0.85,0.085,0,71.52,71.52,3,1,28.1,0,75,0,0,0,3577,1,3574,12,3576,22,1,21,3,21,3577,3577,3577,3577,3577,3577,3577,3577,3577,3576,3576,3574,3576,3576,3576,3576,3576,3576,3576,3576,220,220,210,210,0,0,0,0,0,0,0,0,60,0,0,1,1,2023-10-05
56:46.5,71.53,0.09,0.85,0.0765,0,71.52,71.52,3,1,28.1,0,75,0,0,0,3577,1,3574,11,3576,22,1,21,3,21,3577,3577,3577,3577,3577,3577,3577,3577,3577,3577,3574,3576,3576,3576,3576,3576,3576,3576,3576,3576,220,220,210,210,0,0,0,0,0,0,0,0,60,0,0,1,1,2023-10-05
56:47.5,71.53,0.09,0.85,0.0765,0,71.52,71.52,1,1,28.1,0,75,0,0,0,3577,1,3576,10,3576,22,1,21,3,21,3577,3577,3577,3577,3577,3577,3577,3577,3577,3576,3576,3576,3576,3576,3576,3576,3576,3576,3576,3576,220,220,210,210,0,0,0,0,0,0,0,0,60,0,0,1,1,2023-10-05
56:48.5,71.53,0.1,0.85,0.085,0,71.52,71.52,5,1,28.1,0,75,0,0,0,3579,4,3574,20,3576,22,1,21,4,21,3577,3577,3577,3579,3577,3577,3577,3577,3577,3576,3576,3576,3576,3576,3576,3576,3576,3576,3576,3574,220,220,220,210,0,0,0,0,0,0,0,0,60,0,0,1,1,2023-10-05
56:49.5,71.53,0.09,0.85,0.0765,0,71.53,71.53,3,1,28.1,0,75,0,0,0,3579,4,3576,2,3576,22,1,21,4,21,3577,3576,3577,3579,3577,3577,3577,3577,3577,3576,3576,3576,3576,3576,3576,3577,3576,3576,3576,3576,220,220,220,210,0,0,0,0,0,0,0,0,60,0,0,1,1,2023-10-05
56:50.5,71.53,0.1,0.85,0.085,0,71.53,71.53,3,1,28.1,0,75,0,0,0,3579,4,3576,10,3576,22,1,21,3,21,3577,3577,3577,3579,3577,3577,3577,3577,3577,3576,3576,3576,3576,3576,3576,3577,3576,3576,3576,3576,220,220,210,210,0,0,0,0,0,0,0,0,60,0,0,1,1,2023-10-05
56:51.5,71.53,0.1,0.85,0.085,0,71.52,71.52,5,1,28.1,0,75,0,0,0,3579,4,3574,11,3576,22,1,21,3,21,3577,3576,3577,3579,3577,3577,3577,3577,3577,3576,3574,3576,3576,3576,3576,3577,3576,3576,3576,3576,220,220,210,210,0,0,0,0,0,0,0,0,60,0,0,1,1,2023-10-05
56:52.5,71.53,0.1,0.85,0.085,0,71.53,71.53,3,1,28.1,0,75,0,0,0,3579,3,3576,10,3576,22,1,21,4,21,3577,3577,3579,3577,3577,3577,3577,3577,3577,3576,3576,3576,3576,3576,3576,3576,3576,3576,3576,3576,220,220,220,210,0,0,0,0,0,0,0,0,60,0,0,1,1,2023-10-05
56:53.5,71.53,0.1,0.85,0.085,0,71.52,71.52,5,1,28.1,0,75,0,0,0,3579,4,3574,17,3576,22,1,21,2,21,3577,3576,3577,3579,3577,3577,3577,3577,3577,3576,3576,3576,3576,3576,3576,3576,3574,3576,3576,3576,220,210,210,210,0,0,0,0,0,0,0,0,60,0,0,1,1,2023-10-05
56:54.5,71.53,0.11,0.85,0.0935,0,71.52,71.52,5,1,28.1,0,75,0,0,0,3579,4,3574,12,3576,22,1,21,4,21,3577,3577,3577,3579,3577,3577,3576,3577,3577,3576,3576,3574,3576,3576,3576,3576,3576,3576,3576,3576,220,220,220,210,0,0,0,0,0,0,0,0,60,0,0,1,1,2023-10-05
56:55.5,71.53,0.1,0.85,0.085,0,71.52,71.52,5,1,28.1,0,75,0,0,0,3579,4,3574,20,3576,22,1,21,4,21,3577,3576,3577,3579,3577,3577,3577,3577,3577,3576,3576,3576,3576,3576,3576,3576,3576,3576,3576,3574,220,220,220,210,0,0,0,0,0,0,0,0,60,0,0,1,1,2023-10-05
56:56.5,71.53,0.08,0.85,0.068,0,71.53,71.53,3,1,28.1,0,75,0,0,0,3579,5,3576,2,3576,22,2,21,4,21,3577,3576,3577,3577,3579,3577,3577,3577,3577,3577,3576,3576,3576,3576,3576,3576,3576,3576,3576,3576,210,220,220,210,0,0,0,0,0,0,0,0,60,0,0,1,1,2023-10-05
56:57.5,71.53,0.08,0.85,0.068,0,71.52,71.52,3,1,28.1,0,75,0,0,0,3577,1,3574,11,3576,22,2,21,3,21,3577,3577,3577,3577,3577,3577,3577,3577,3577,3577,3574,3574,3576,3576,3576,3576,3576,3576,3576,3576,220,220,210,210,0,0,0,0,0,0,0,0,60,0,0,1,1,2023-10-05
56:58.5,71.53,0.08,0.85,0.068,0,71.53,71.53,1,1,28.1,0,75,0,0,0,3577,1,3576,11,3576,22,2,21,4,21,3577,3577,3577,3577,3577,3577,3577,3577,3577,3577,3576,3576,3576,3576,3576,3576,3576,3576,3576,3576,220,220,220,210,0,0,0,0,0,0,0,0,60,0,0,1,1,2023-10-05
56:59.5,71.53,0.08,0.85,0.068,0,71.53,71.53,3,1,28.1,0,75,0,0,0,3579,3,3576,11,3576,22,2,21,4,21,3577,3577,3579,3577,3579,3577,3577,3577,3577,3577,3576,3576,3576,3576,3576,3576,3576,3576,3576,3576,220,220,220,210,0,0,0,0,0,0,0,0,60,0,0,1,1,2023-10-05
57:00.5,71.53,0.11,0.85,0.0935,0,71.52,71.52,5,1,28.1,0,75,0,0,0,3579,4,3574,12,3576,22,2,21,3,21,3577,3577,3577,3579,3577,3577,3577,3577,3577,3576,3576,3574,3576,3576,3576,3576,3576,3576,3576,3576,220,220,210,210,0,0,0,0,0,0,0,0,60,0,0,1,1,2023-10-05
57:01.5,71.53,0.11,0.85,0.0935,0,71.52,71.52,3,1,28.1,0,75,0,0,0,3577,1,3574,11,3576,22,2,21,4,21,3577,3577,3577,3577,3577,3577,3577,3577,3577,3576,3574,3576,3576,3576,3576,3576,3576,3576,3576,3576,220,220,220,210,0,0,0,0,0,0,0,0,60,0,0,1,1,2023-10-05
57:02.5,71.53,0.11,0.85,0.0935,0,71.52,71.52,3,1,28.1,0,75,0,0,0,3577,1,3574,12,3576,22,2,21,3,21,3577,3577,3577,3577,3577,3577,3577,3577,3577,3576,3576,3574,3576,3576,3576,3576,3576,3576,3576,3576,220,220,210,210,0,0,0,0,0,0,0,0,60,0,0,1,1,2023-10-05
57:03.5,71.54,0.11,0.85,0.0935,0,71.53,71.53,3,1,28.1,0,75,0,0,0,3579,3,3576,11,3576,22,2,21,3,21,3577,3577,3579,3579,3577,3577,3577,3579,3577,3577,3576,3576,3576,3576,3576,3576,3576,3576,3576,3576,220,220,210,210,0,0,0,0,0,0,0,0,60,0,0,1,1,2023-10-05
57:04.5,71.53,2.48,0.85,2.108,0,71.52,71.52,1,1,28.1,0,75,0,0,0,3577,1,3576,10,3576,22,2,21,3,21,3577,3577,3577,3577,3577,3577,3577,3577,3577,3576,3576,3576,3576,3576,3576,3576,3576,3576,3576,3576,220,220,210,210,0,0,0,0,0,0,0,0,60,0,0,1,1,2023-10-05
57:05.5,72.71,2.48,0.85,2.108,0,72.7,72.7,21,1,28.1,0,75,0,0,0,3646,4,3625,15,3635,22,2,21,3,21,3639,3631,3627,3646,3642,3627,3631,3642,3646,3631,3630,3643,3639,3630,3625,3640,3645,3625,3630,3637,220,220,210,210,0,0,0,0,0,0,0,0,60,0,0,1,1,2023-10-05
57:06.5,72.76,26.4,0.85,22.44,0,72.76,72.76,21,1,28.1,0,75,0,0,0,3649,9,3628,15,3638,22,2,21,3,21,3642,3634,3630,3648,3645,3630,3634,3645,3649,3634,3633,3646,3642,3633,3628,3643,3646,3628,3633,3640,220,220,210,210,0,0,0,0,0,0,0,0,60,0,0,1,1,2023-10-05
57:07.5,72.79,26.38,0.85,22.423,0,72.79,72.79,21,1,28.1,0,75,0,0,0,3651,4,3630,15,3639,22,2,21,3,21,3643,3636,3631,3651,3646,3631,3636,3646,3651,3636,3634,3648,3643,3634,3630,3643,3648,3630,3634,3642,220,220,210,210,0,0,0,0,0,0,0,0,60,0,0,1,1,2023-10-05
57:08.5,72.83,26.39,0.85,22.4315,0,72.82,72.82,21,1,28.1,0,75,0,0,0,3652,4,3631,15,3641,22,2,21,3,21,3645,3637,3633,3652,3648,3633,3637,3648,3652,3637,3636,3649,3645,3636,3631,3646,3651,3631,3636,3643,220,220,210,220,0,0,0,0,0,0,0,0,60,0,0,1,1,2023-10-05
57:09.5,72.85,26.39,0.85,22.4315,0,72.84,72.84,21,1,28.1,0,75,0,0,0,3652,4,3631,18,3642,22,2,21,3,21,3646,3639,3634,3652,3649,3634,3639,3648,3652,3637,3637,3651,3646,3637,3633,3648,3651,3631,3637,3645,220,220,210,210,0,0,0,0,0,0,0,0,60,0,0,1,1,2023-10-05
57:10.5,72.87,26.39,0.85,22.4315,0,72.86,72.86,21,1,28.2,0,75,0,0,0,3654,4,3633,15,3643,22,2,21,4,21,3648,3639,3636,3654,3649,3636,3639,3651,3654,3640,3637,3652,3648,3637,3633,3648,3652,3633,3637,3646,220,220,220,210,0,0,0,0,0,0,0,0,60,0,0,1,1,2023-10-05
57:11.5,72.89,26.4,0.85,22.44,0,72.88,72.88,21,1,28.2,0,75,0,0,0,3655,4,3634,15,3644,22,2,21,2,21,3648,3640,3636,3655,3651,3636,3640,3651,3655,3640,3639,3652,3648,3639,3634,3649,3654,3634,3639,3648,220,210,220,210,0,0,0,0,0,0,0,0,60,0,0,1,1,2023-10-05
57:12.5,72.91,26.4,0.85,22.44,0,72.9,72.9,21,1,28.2,0,75,0,0,0,3655,4,3634,18,3645,22,2,21,2,21,3649,3642,3637,3655,3652,3637,3642,3652,3655,3640,3640,3654,3649,3640,3636,3651,3654,3634,3640,3648,220,210,210,210,0,0,0,0,0,0,0,0,60,0,0,1,1,2023-10-05
57:13.5,72.93,26.4,0.85,22.44,0,72.93,72.93,21,1,28.2,0,75,0,0,0,3657,4,3636,15,3646,22,2,21,3,21,3651,3643,3637,3657,3654,3639,3643,3652,3657,3642,3642,3655,3651,3640,3636,3651,3655,3636,3640,3649,220,220,210,210,0,0,0,0,0,0,0,0,60,0,0,1,1,2023-10-05
57:14.5,72.94,26.4,0.85,22.44,0,72.94,72.94,21,1,28.2,0,75,0,0,0,3658,4,3637,15,3647,22,2,21,2,21,3651,3643,3639,3658,3654,3639,3643,3654,3658,3643,3642,3655,3651,3642,3637,3652,3655,3637,3642,3649,220,210,210,210,0,0,0,0,0,0,0,0,60,0,0,1,1,2023-10-05
57:15.5,72.96,26.4,0.85,22.44,0,72.96,72.96,23,1,28.2,0,75,0,0,0,3660,4,3637,15,3648,22,2,21,4,21,3652,3643,3640,3660,3654,3640,3645,3654,3658,3645,3642,3657,3652,3643,3637,3652,3657,3639,3643,3651,220,220,220,210,0,0,0,0,0,0,0,0,60,0,0,1,1,2023-10-05
57:16.5,72.98,26.4,0.85,22.44,0,72.97,72.97,21,1,28.3,0,75,0,0,0,3660,4,3639,15,3648,22,2,21,3,21,3652,3645,3640,3660,3655,3640,3645,3655,3660,3645,3643,3657,3652,3643,3639,3654,3657,3639,3643,3651,220,220,210,210,0,0,0,0,0,0,0,0,60,0,0,1,1,2023-10-05
57:17.5,73,26.4,0.85,22.44,0,72.99,72.99,22,1,28.3,0,75,0,0,0,3661,4,3639,18,3649,22,2,21,3,21,3654,3646,3642,3661,3655,3642,3646,3657,3661,3645,3645,3658,3652,3645,3640,3654,3658,3639,3645,3652,220,220,210,220,0,0,0,0,0,0,0,0,60,0,0,1,1,2023-10-05
57:18.5,73.01,26.4,0.85,22.44,0,73,73,21,1,28.3,0,75,0,0,0,3661,4,3640,15,3650,22,2,21,4,21,3654,3646,3642,3661,3657,3642,3646,3657,3661,3645,3645,3658,3654,3645,3640,3655,3660,3640,3645,3652,220,220,220,210,0,0,0,0,0,0,0,0,60,0,0,1,1,2023-10-05
57:19.5,73.02,26.41,0.85,22.4485,0,73.01,73.01,21,1,28.3,0,75,0,0,0,3661,4,3640,18,3650,22,2,21,4,21,3655,3646,3643,3661,3657,3643,3646,3657,3661,3646,3646,3658,3655,3646,3642,3655,3660,3640,3646,3652,220,220,220,210,0,0,0,0,0,0,0,0,60,0,0,1,1,2023-10-05
57:20.5,73.03,26.42,0.85,22.457,0,73.03,73.03,21,1,28.3,0,75,0,0,0,3663,4,3642,15,3651,22,2,21,4,21,3655,3648,3643,3663,3658,3643,3648,3658,3661,3648,3646,3660,3657,3646,3642,3655,3660,3642,3646,3654,220,220,220,210,0,0,0,0,0,0,0,0,60,0,0,1,1,2023-10-05
57:21.5,73.04,26.42,0.85,22.457,0,73.04,73.04,21,1,28.4,0,75,0,0,0,3663,4,3642,15,3652,22,2,21,3,21,3657,3648,3645,3663,3658,3643,3649,3658,3663,3648,3646,3661,3655,3648,3642,3657,3661,3642,3646,3654,220,220,210,210,0,0,0,0,0,0,0,0,60,0,0,1,1,2023-10-05
57:22.5,73.06,26.41,0.85,22.4485,0,73.06,73.06,22,1,28.4,0,75,0,0,0,3664,4,3642,18,3653,22,2,21,3,21,3657,3649,3645,3664,3658,3645,3649,3660,3664,3648,3648,3661,3657,3648,3643,3658,3661,3642,3648,3655,220,220,210,210,0,0,0,0,0,0,0,0,60,0,0,1,1,2023-10-05
57:23.5,73.07,26.41,0.85,22.4485,0,73.07,73.07,21,1,28.4,0,75,0,0,0,3664,4,3643,15,3653,22,2,21,4,21,3657,3649,3645,3664,3660,3646,3649,3660,3664,3649,3649,3661,3658,3648,3643,3658,3663,3643,3648,3657,220,220,220,210,0,0,0,0,0,0,0,0,60,0,0,1,1,2023-10-05
57:24.5,73.09,26.42,0.85,22.457,0,73.08,73.08,21,1,28.4,0,75,0,0,0,3666,9,3645,15,3654,22,2,21,3,21,3658,3649,3646,3664,3660,3646,3651,3661,3666,3649,3649,3661,3658,3649,3645,3660,3663,3645,3649,3657,220,220,210,220,0,0,0,0,0,0,0,0,60,0,0,1,1,2023-10-05
57:25.5,73.09,26.42,0.85,22.457,0,73.08,73.08,21,1,28.4,0,75,0,0,0,3666,9,3645,15,3654,22,2,21,4,21,3658,3651,3646,3664,3661,3646,3651,3661,3666,3649,3649,3663,3658,3649,3645,3658,3663,3645,3649,3657,220,220,220,210,0,0,0,0,0,0,0,0,60,0,0,1,1,2023-10-05
57:26.5,73.1,26.42,0.85,22.457,0,73.1,73.1,21,1,28.5,0,75,0,0,0,3666,4,3645,18,3655,22,2,21,2,21,3658,3651,3648,3666,3661,3646,3651,3661,3666,3651,3649,3664,3660,3649,3646,3660,3664,3645,3649,3657,220,210,220,220,0,0,0,0,0,0,0,0,60,0,0,1,1,2023-10-05
57:27.5,71.92,8.73,0.85,7.4205,0,71.92,71.92,3,1,28.5,0,75,0,0,0,3598,5,3595,10,3596,22,2,21,4,21,3597,3597,3597,3597,3598,3597,3597,3598,3597,3595,3595,3595,3595,3595,3595,3595,3595,3595,3595,3595,220,220,220,210,0,0,0,0,0,0,0,0,60,0,0,1,1,2023-10-05
57:28.5,71.89,0.14,0.85,0.119,0,71.89,71.89,3,1,28.5,0,75,0,0,0,3597,8,3594,11,3594,22,2,21,4,21,3595,3595,3595,3595,3595,3595,3595,3597,3595,3595,3594,3594,3594,3595,3594,3594,3594,3594,3595,3594,220,220,220,210,0,0,0,0,0,0,0,0,60,0,0,1,1,2023-10-05
57:29.5,71.87,0.14,0.85,0.119,0,71.87,71.87,3,1,28.5,0,75,0,0,0,3595,5,3592,10,3593,22,2,21,3,21,3594,3594,3594,3594,3595,3594,3594,3595,3594,3592,3592,3592,3594,3594,3594,3594,3592,3592,3592,3594,220,220,210,210,0,0,0,0,0,0,0,0,60,0,0,1,1,2023-10-05
57:30.5,71.86,0.14,0.85,0.119,0,71.85,71.85,4,1,28.5,0,75,0,0,0,3595,4,3591,13,3592,22,2,21,3,21,3594,3594,3594,3595,3594,3594,3594,3594,3594,3592,3592,3592,3591,3592,3592,3592,3592,3592,3592,3592,220,220,210,210,0,0,0,0,0,0,0,0,60,0,0,1,1,2023-10-05
57:31.5,71.85,0.14,0.85,0.119,0,71.84,71.84,3,1,28.5,0,75,0,0,0,3594,2,3591,11,3592,22,2,21,3,21,3592,3594,3594,3594,3594,3594,3592,3594,3594,3592,3591,3591,3591,3592,3592,3592,3591,3592,3592,3591,220,220,210,210,0,0,0,0,0,0,0,0,60,0,0,1,1,2023-10-05
57:32.5,71.84,0.14,0.85,0.119,0,71.83,71.83,3,1,28.5,0,75,0,0,0,3594,3,3591,11,3591,22,2,21,3,21,3592,3592,3594,3592,3594,3592,3592,3594,3592,3592,3591,3591,3591,3591,3592,3592,3591,3591,3591,3591,220,220,210,210,0,0,0,0,0,0,0,0,60,0,0,1,1,2023-10-05
57:33.5,71.83,0.14,0.85,0.119,0,71.82,71.82,5,1,28.5,0,75,0,0,0,3594,4,3589,11,3591,22,2,21,4,21,3592,3592,3592,3594,3592,3592,3592,3592,3592,3591,3589,3591,3591,3591,3591,3591,3591,3591,3591,3591,220,220,220,210,0,0,0,0,0,0,0,0,60,0,0,1,1,2023-10-05
57:34.5,71.82,0.14,0.85,0.119,0,71.81,71.81,3,1,28.5,0,75,0,0,0,3592,3,3589,11,3590,22,2,21,4,21,3591,3591,3592,3592,3592,3592,3591,3592,3592,3591,3589,3589,3589,3591,3591,3591,3591,3589,3591,3589,220,220,220,210,0,0,0,0,0,0,0,0,60,0,0,1,1,2023-10-05
57:35.5,71.81,0.15,0.85,0.1275,0,71.8,71.8,3,1,28.5,0,75,0,0,0,3592,3,3589,11,3590,22,2,21,4,21,3591,3591,3592,3592,3592,3591,3591,3592,3591,3591,3589,3589,3589,3589,3589,3589,3589,3591,3589,3591,220,220,220,210,0,0,0,0,0,0,0,0,60,0,0,1,1,2023-10-05
57:36.5,71.8,0.15,0.85,0.1275,0,71.8,71.8,4,1,28.5,0,75,0,0,0,3592,5,3588,12,3590,22,2,21,4,21,3591,3591,3591,3591,3592,3591,3591,3592,3591,3589,3589,3588,3589,3589,3589,3589,3589,3589,3591,3589,220,220,220,210,0,0,0,0,0,0,0,0,60,0,0,1,1,2023-10-05
57:37.5,71.8,0.15,0.85,0.1275,0,71.79,71.79,3,1,28.5,0,75,0,0,0,3591,2,3588,12,3589,22,2,21,4,21,3589,3591,3591,3591,3591,3591,3591,3591,3591,3589,3589,3588,3589,3589,3589,3591,3589,3589,3589,3589,220,220,220,210,0,0,0,0,0,0,0,0,60,0,0,1,1,2023-10-05
57:38.5,71.79,0.15,0.85,0.1275,0,71.79,71.79,3,1,28.5,0,75,0,0,0,3591,1,3588,12,3589,22,2,21,4,21,3591,3591,3591,3591,3591,3589,3591,3591,3591,3589,3589,3588,3588,3589,3589,3589,3588,3589,3589,3589,220,220,220,210,0,0,0,0,0,0,0,0,60,0,0,1,1,2023-10-05
57:39.5,71.79,0.15,0.85,0.1275,0,71.78,71.78,3,1,28.5,0,75,0,0,0,3591,3,3588,11,3589,22,2,21,3,21,3589,3589,3591,3591,3591,3591,3589,3591,3591,3589,3588,3588,3588,3589,3589,3588,3588,3588,3589,3588,220,220,210,220,0,0,0,0,0,0,0,0,60,0,0,1,1,2023-10-05
57:40.5,71.78,0.15,0.85,0.1275,0,71.78,71.78,3,1,28.5,0,75,0,0,0,3591,3,3588,11,3589,22,2,21,3,21,3589,3589,3591,3591,3591,3589,3589,3591,3589,3589,3588,3588,3588,3589,3588,3589,3588,3588,3588,3588,220,220,210,220,0,0,0,0,0,0,0,0,60,0,0,1,1,2023-10-05
57:41.5,71.78,0.15,0.85,0.1275,0,71.77,71.77,5,1,28.5,0,75,0,0,0,3591,3,3586,12,3588,22,2,21,3,21,3589,3589,3591,3591,3591,3589,3589,3591,3589,3589,3588,3586,3588,3588,3588,3589,3588,3588,3588,3588,220,220,210,220,0,0,0,0,0,0,0,0,60,0,0,1,1,2023-10-05
57:42.5,71.77,0.16,0.85,0.136,0,71.76,71.76,3,1,28.5,0,75,0,0,0,3589,1,3586,11,3588,22,2,21,4,21,3589,3589,3589,3589,3589,3589,3589,3589,3589,3589,3586,3586,3588,3588,3588,3588,3588,3588,3588,3588,220,220,220,210,0,0,0,0,0,0,0,0,60,0,0,1,1,2023-10-05
57:43.5,71.77,0.16,0.85,0.136,0,71.76,71.76,3,1,28.5,0,75,0,0,0,3589,1,3586,11,3588,22,2,21,4,21,3589,3589,3589,3589,3589,3589,3589,3589,3589,3589,3586,3586,3588,3588,3588,3588,3588,3588,3588,3588,220,220,220,210,0,0,0,0,0,0,0,0,60,0,0,1,1,2023-10-05
57:44.5,71.77,0.16,0.85,0.136,0,71.76,71.76,3,1,28.5,0,75,0,0,0,3589,1,3586,11,3588,22,2,21,4,21,3589,3589,3589,3589,3589,3589,3589,3589,3589,3589,3586,3586,3588,3588,3588,3588,3588,3588,3588,3588,220,220,220,210,0,0,0,0,0,0,0,0,60,0,0,1,1,2023-10-05
57:45.5,71.77,0.16,0.85,0.136,0,71.76,71.76,3,1,28.5,0,75,0,0,0,3589,1,3586,11,3588,22,2,21,4,21,3589,3589,3589,3589,3589,3589,3589,3589,3589,3589,3586,3586,3588,3588,3588,3588,3588,3588,3588,3588,220,220,220,210,0,0,0,0,0,0,0,0,60,0,0,1,1,2023-10-05
57:46.5,71.77,0.16,0.85,0.136,0,71.76,71.76,3,1,28.5,0,75,0,0,0,3589,1,3586,11,3588,22,2,21,4,21,3589,3589,3589,3589,3589,3589,3589,3589,3589,3589,3586,3586,3588,3588,3588,3588,3588,3588,3588,3588,220,220,220,210,0,0,0,0,0,0,0,0,60,0,0,1,1,2023-10-05
57:47.5,71.77,0.16,0.85,0.136,0,71.76,71.76,3,1,28.5,0,75,0,0,0,3589,1,3586,11,3588,22,2,21,4,21,3589,3589,3589,3589,3589,3589,3589,3589,3589,3589,3586,3586,3588,3588,3588,3588,3588,3588,3588,3588,220,220,220,210,0,0,0,0,0,0,0,0,60,0,0,1,1,2023-10-05
57:48.5,71.77,0.16,0.85,0.136,0,71.76,71.76,3,1,28.5,0,75,0,0,0,3589,1,3586,11,3588,22,2,21,4,21,3589,3589,3589,3589,3589,3589,3589,3589,3589,3589,3586,3586,3588,3588,3588,3588,3588,3588,3588,3588,220,220,220,210,0,0,0,0,0,0,0,0,60,0,0,1,1,2023-10-05
57:49.5,71.77,0.16,0.85,0.136,0,71.76,71.76,3,1,28.5,0,75,0,0,0,3589,1,3586,11,3588,22,2,21,4,21,3589,3589,3589,3589,3589,3589,3589,3589,3589,3589,3586,3586,3588,3588,3588,3588,3588,3588,3588,3588,220,220,220,210,0,0,0,0,0,0,0,0,60,0,0,1,1,2023-10-05
57:50.5,71.77,0.16,0.85,0.136,0,71.76,71.76,3,1,28.5,0,75,0,0,0,3589,1,3586,11,3588,22,2,21,4,21,3589,3589,3589,3589,3589,3589,3589,3589,3589,3589,3586,3586,3588,3588,3588,3588,3588,3588,3588,3588,220,220,220,210,0,0,0,0,0,0,0,0,60,0,0,1,1,2023-10-05
57:51.5,71.77,0.16,0.85,0.136,0,71.76,71.76,3,1,28.5,0,75,0,0,0,3589,1,3586,11,3588,22,2,21,4,21,3589,3589,3589,3589,3589,3589,3589,3589,3589,3589,3586,3586,3588,3588,3588,3588,3588,3588,3588,3588,220,220,220,210,0,0,0,0,0,0,0,0,60,0,0,1,1,2023-10-05
57:52.5,71.77,0.16,0.85,0.136,0,71.76,71.76,3,1,28.5,0,75,0,0,0,3589,1,3586,11,3588,22,2,21,4,21,3589,3589,3589,3589,3589,3589,3589,3589,3589,3589,3586,3586,3588,3588,3588,3588,3588,3588,3588,3588,220,220,220,210,0,0,0,0,0,0,0,0,60,0,0,1,1,2023-10-05
57:53.5,71.77,0.16,0.85,0.136,0,71.76,71.76,3,1,28.5,0,75,0,0,0,3589,1,3586,11,3588,22,2,21,4,21,3589,3589,3589,3589,3589,3589,3589,3589,3589,3589,3586,3586,3588,3588,3588,3588,3588,3588,3588,3588,220,220,220,210,0,0,0,0,0,0,0,0,60,0,0,1,1,2023-10-05
57:54.5,71.77,0.16,0.85,0.136,0,71.76,71.76,3,1,28.5,0,75,0,0,0,3589,1,3586,11,3588,22,2,21,4,21,3589,3589,3589,3589,3589,3589,3589,3589,3589,3589,3586,3586,3588,3588,3588,3588,3588,3588,3588,3588,220,220,220,210,0,0,0,0,0,0,0,0,60,0,0,1,1,2023-10-05
57:55.5,71.77,0.16,0.85,0.136,0,71.76,71.76,3,1,28.5,0,75,0,0,0,3589,1,3586,11,3588,22,2,21,4,21,3589,3589,3589,3589,3589,3589,3589,3589,3589,3589,3586,3586,3588,3588,3588,3588,3588,3588,3588,3588,220,220,220,210,0,0,0,0,0,0,0,0,60,0,0,1,1,2023-10-05
57:56.5,71.77,0.16,0.85,0.136,0,71.76,71.76,3,1,28.5,0,75,0,0,0,3589,1,3586,11,3588,22,2,21,4,21,3589,3589,3589,3589,3589,3589,3589,3589,3589,3589,3586,3586,3588,3588,3588,3588,3588,3588,3588,3588,220,220,220,210,0,0,0,0,0,0,0,0,60,0,0,1,1,2023-10-05
57:57.5,71.77,0.16,0.85,0.136,0,71.76,71.76,3,1,28.5,0,75,0,0,0,3589,1,3586,11,3588,22,2,21,4,21,3589,3589,3589,3589,3589,3589,3589,3589,3589,3589,3586,3586,3588,3588,3588,3588,3588,3588,3588,3588,220,220,220,210,0,0,0,0,0,0,0,0,60,0,0,1,1,2023-10-05
57:58.5,71.77,0.16,0.85,0.136,0,71.76,71.76,3,1,28.5,0,75,0,0,0,3589,1,3586,11,3588,22,2,21,4,21,3589,3589,3589,3589,3589,3589,3589,3589,3589,3589,3586,3586,3588,3588,3588,3588,3588,3588,3588,3588,220,220,220,210,0,0,0,0,0,0,0,0,60,0,0,1,1,2023-10-05
57:59.5,71.77,0.16,0.85,0.136,0,71.76,71.76,3,1,28.5,0,75,0,0,0,3589,1,3586,11,3588,22,2,21,4,21,3589,3589,3589,3589,3589,3589,3589,3589,3589,3589,3586,3586,3588,3588,3588,3588,3588,3588,3588,3588,220,220,220,210,0,0,0,0,0,0,0,0,60,0,0,1,1,2023-10-05
58:00.5,71.77,0.16,0.85,0.136,0,71.76,71.76,3,1,28.5,0,75,0,0,0,3589,1,3586,11,3588,22,2,21,4,21,3589,3589,3589,3589,3589,3589,3589,3589,3589,3589,3586,3586,3588,3588,3588,3588,3588,3588,3588,3588,220,220,220,210,0,0,0,0,0,0,0,0,60,0,0,1,1,2023-10-05
58:01.5,71.77,0.16,0.85,0.136,0,71.76,71.76,3,1,28.5,0,75,0,0,0,3589,1,3586,11,3588,22,2,21,4,21,3589,3589,3589,3589,3589,3589,3589,3589,3589,3589,3586,3586,3588,3588,3588,3588,3588,3588,3588,3588,220,220,220,210,0,0,0,0,0,0,0,0,60,0,0,1,1,2023-10-05
58:02.5,71.77,0.16,0.85,0.136,0,71.76,71.76,3,1,28.5,0,75,0,0,0,3589,1,3586,11,3588,22,2,21,4,21,3589,3589,3589,3589,3589,3589,3589,3589,3589,3589,3586,3586,3588,3588,3588,3588,3588,3588,3588,3588,220,220,220,210,0,0,0,0,0,0,0,0,60,0,0,1,1,2023-10-05
58:03.5,71.77,0.16,0.85,0.136,0,71.76,71.76,3,1,28.5,0,75,0,0,0,3589,1,3586,11,3588,22,2,21,4,21,3589,3589,3589,3589,3589,3589,3589,3589,3589,3589,3586,3586,3588,3588,3588,3588,3588,3588,3588,3588,220,220,220,210,0,0,0,0,0,0,0,0,60,0,0,1,1,2023-10-05
58:04.5,71.77,0.16,0.85,0.136,0,71.76,71.76,3,1,28.5,0,75,0,0,0,3589,1,3586,11,3588,22,2,21,4,21,3589,3589,3589,3589,3589,3589,3589,3589,3589,3589,3586,3586,3588,3588,3588,3588,3588,3588,3588,3588,220,220,220,210,0,0,0,0,0,0,0,0,60,0,0,1,1,2023-10-05
58:05.5,71.77,0.16,0.85,0.136,0,71.76,71.76,3,1,28.5,0,75,0,0,0,3589,1,3586,11,3588,22,2,21,4,21,3589,3589,3589,3589,3589,3589,3589,3589,3589,3589,3586,3586,3588,3588,3588,3588,3588,3588,3588,3588,220,220,220,210,0,0,0,0,0,0,0,0,60,0,0,1,1,2023-10-05
58:06.5,71.77,0.16,0.85,0.136,0,71.76,71.76,3,1,28.5,0,75,0,0,0,3589,1,3586,11,3588,22,2,21,4,21,3589,3589,3589,3589,3589,3589,3589,3589,3589,3589,3586,3586,3588,3588,3588,3588,3588,3588,3588,3588,220,220,220,210,0,0,0,0,0,0,0,0,60,0,0,1,1,2023-10-05
58:07.5,71.77,0.16,0.85,0.136,0,71.76,71.76,3,1,28.5,0,75,0,0,0,3589,1,3586,11,3588,22,2,21,4,21,3589,3589,3589,3589,3589,3589,3589,3589,3589,3589,3586,3586,3588,3588,3588,3588,3588,3588,3588,3588,220,220,220,210,0,0,0,0,0,0,0,0,60,0,0,1,1,2023-10-05
58:08.5,71.77,0.16,0.85,0.136,0,71.76,71.76,3,1,28.5,0,75,0,0,0,3589,1,3586,11,3588,22,2,21,4,21,3589,3589,3589,3589,3589,3589,3589,3589,3589,3589,3586,3586,3588,3588,3588,3588,3588,3588,3588,3588,220,220,220,210,0,0,0,0,0,0,0,0,60,0,0,1,1,2023-10-05
58:09.5,71.77,0.16,0.85,0.136,0,71.76,71.76,3,1,28.5,0,75,0,0,0,3589,1,3586,11,3588,22,2,21,4,21,3589,3589,3589,3589,3589,3589,3589,3589,3589,3589,3586,3586,3588,3588,3588,3588,3588,3588,3588,3588,220,220,220,210,0,0,0,0,0,0,0,0,60,0,0,1,1,2023-10-05
58:10.5,71.77,0.16,0.85,0.136,0,71.76,71.76,3,1,28.5,0,75,0,0,0,3589,1,3586,11,3588,22,2,21,4,21,3589,3589,3589,3589,3589,3589,3589,3589,3589,3589,3586,3586,3588,3588,3588,3588,3588,3588,3588,3588,220,220,220,210,0,0,0,0,0,0,0,0,60,0,0,1,1,2023-10-05
58:11.5,71.77,0.16,0.85,0.136,0,71.76,71.76,3,1,28.5,0,75,0,0,0,3589,1,3586,11,3588,22,2,21,4,21,3589,3589,3589,3589,3589,3589,3589,3589,3589,3589,3586,3586,3588,3588,3588,3588,3588,3588,3588,3588,220,220,220,210,0,0,0,0,0,0,0,0,60,0,0,1,1,2023-10-05
58:12.5,71.77,0.16,0.85,0.136,0,71.76,71.76,3,1,28.5,0,75,0,0,0,3589,1,3586,11,3588,22,2,21,4,21,3589,3589,3589,3589,3589,3589,3589,3589,3589,3589,3586,3586,3588,3588,3588,3588,3588,3588,3588,3588,220,220,220,210,0,0,0,0,0,0,0,0,60,0,0,1,1,2023-10-05
58:13.5,71.77,0.16,0.85,0.136,0,71.76,71.76,3,1,28.5,0,75,0,0,0,3589,1,3586,11,3588,22,2,21,4,21,3589,3589,3589,3589,3589,3589,3589,3589,3589,3589,3586,3586,3588,3588,3588,3588,3588,3588,3588,3588,220,220,220,210,0,0,0,0,0,0,0,0,60,0,0,1,1,2023-10-05
58:14.5,71.77,0.16,0.85,0.136,0,71.76,71.76,3,1,28.5,0,75,0,0,0,3589,1,3586,11,3588,22,2,21,4,21,3589,3589,3589,3589,3589,3589,3589,3589,3589,3589,3586,3586,3588,3588,3588,3588,3588,3588,3588,3588,220,220,220,210,0,0,0,0,0,0,0,0,60,0,0,1,1,2023-10-05
58:15.5,71.77,0.16,0.85,0.136,0,71.76,71.76,3,1,28.5,0,75,0,0,0,3589,1,3586,11,3588,22,2,21,4,21,3589,3589,3589,3589,3589,3589,3589,3589,3589,3589,3586,3586,3588,3588,3588,3588,3588,3588,3588,3588,220,220,220,210,0,0,0,0,0,0,0,0,60,0,0,1,1,2023-10-05
58:16.5,71.77,0.16,0.85,0.136,0,71.76,71.76,3,1,28.5,0,75,0,0,0,3589,1,3586,11,3588,22,2,21,4,21,3589,3589,3589,3589,3589,3589,3589,3589,3589,3589,3586,3586,3588,3588,3588,3588,3588,3588,3588,3588,220,220,220,210,0,0,0,0,0,0,0,0,60,0,0,1,1,2023-10-05
58:17.5,71.77,0.16,0.85,0.136,0,71.76,71.76,3,1,28.5,0,75,0,0,0,3589,1,3586,11,3588,22,2,21,4,21,3589,3589,3589,3589,3589,3589,3589,3589,3589,3589,3586,3586,3588,3588,3588,3588,3588,3588,3588,3588,220,220,220,210,0,0,0,0,0,0,0,0,60,0,0,1,1,2023-10-05
DateTime(yyyy-mm-dd hh:mm:ss.000),Volt,Current,0.85,#VALUE!,State,Vin,Vout,Vdiff,Tdiff,SOC,SOH,SOP,FCC,RC,Cycle,Vmax,VmaxNo,Vmin,VminNo,Vavg,Tmax,TmaxNo,Tmin,TminNo,Tavg,Cell1,Cell2,Cell3,Cell4,Cell5,Cell6,Cell7,Cell8,Cell9,Cell10,Cell11,Cell12,Cell13,Cell14,Cell15,Cell16,Cell17,Cell18,Cell19,Cell20,Temp1,Temp2,Temp3,Temp4,TempFET,CB0,CB1,CB2,CB3,Fault0,Fault1,BmsSt0,BmsSt1,BmsSt2,BmsSt3,Ver,SerialNo,Manufacture
58:23.8,71.6,0.08,0.85,0.068,0,71.6,71.6,3,0,28.5,0,75,0,0,0,3582,3,3579,11,3580,21,1,21,1,21,3580,3580,3582,3582,3582,3582,3580,3582,3580,3580,3579,3579,3579,3579,3579,3580,3579,3580,3579,3579,210,210,210,210,0,0,0,0,0,0,0,0,60,0,0,1,1,2023-10-05
58:24.8,71.6,0.09,0.85,0.0765,0,71.6,71.6,3,0,28.5,0,75,0,0,0,3582,3,3579,11,3580,21,1,21,1,21,3580,3580,3582,3582,3582,3582,3582,3582,3580,3580,3579,3579,3579,3579,3579,3580,3579,3579,3579,3579,210,210,210,210,0,0,0,0,0,0,0,0,60,0,0,1,1,2023-10-05
58:25.8,71.6,0.09,0.85,0.0765,0,71.6,71.6,3,0,28.5,0,75,0,0,0,3582,3,3579,11,3580,21,1,21,1,21,3580,3580,3582,3582,3582,3582,3580,3582,3582,3580,3579,3579,3579,3579,3579,3580,3579,3579,3580,3579,210,210,210,210,0,0,0,0,0,0,0,0,60,0,0,1,1,2023-10-05
58:26.8,71.61,0.09,0.85,0.0765,0,71.6,71.6,3,0,28.5,0,75,0,0,0,3582,2,3579,11,3580,21,1,21,1,21,3580,3582,3582,3582,3582,3580,3582,3582,3580,3580,3579,3579,3580,3580,3579,3580,3579,3579,3580,3579,210,210,210,210,0,0,0,0,0,0,0,0,60,0,0,1,1,2023-10-05
58:27.8,71.6,0.09,0.85,0.0765,0,71.6,71.6,3,0,28.5,0,75,0,0,0,3582,3,3579,11,3580,21,1,21,1,21,3580,3580,3582,3582,3582,3582,3580,3582,3580,3580,3579,3579,3579,3579,3579,3580,3579,3579,3580,3580,210,210,210,210,0,0,0,0,0,0,0,0,60,0,0,1,1,2023-10-05
58:28.8,71.61,0.09,0.85,0.0765,0,71.6,71.6,3,0,28.5,0,75,0,0,0,3582,1,3579,11,3580,21,1,21,1,21,3582,3582,3582,3582,3582,3580,3580,3582,3582,3580,3579,3579,3579,3579,3579,3580,3580,3579,3580,3580,210,210,210,210,0,0,0,0,0,0,0,0,60,0,0,1,1,2023-10-05
58:29.8,71.6,0.1,0.85,0.085,0,71.6,71.6,3,0,28.5,0,75,0,0,0,3582,3,3579,11,3580,21,1,21,1,21,3580,3580,3582,3582,3582,3582,3580,3582,3580,3580,3579,3579,3579,3579,3579,3580,3579,3579,3580,3580,210,210,210,210,0,0,0,0,0,0,0,0,60,0,0,1,1,2023-10-05
58:30.8,71.61,0.1,0.85,0.085,0,71.6,71.6,3,0,28.5,0,75,0,0,0,3582,2,3579,11,3580,21,1,21,1,21,3580,3582,3582,3582,3582,3580,3582,3582,3580,3580,3579,3579,3579,3579,3579,3580,3579,3580,3580,3579,210,210,210,210,0,0,0,0,0,0,0,0,60,0,0,1,1,2023-10-05
58:31.8,71.61,0.09,0.85,0.0765,0,71.6,71.6,3,0,28.5,0,75,0,0,0,3582,2,3579,11,3580,21,1,21,1,21,3580,3582,3582,3582,3582,3580,3582,3582,3582,3580,3579,3579,3579,3579,3579,3580,3580,3580,3579,3580,210,210,210,210,0,0,0,0,0,0,0,0,60,0,0,1,1,2023-10-05
58:32.8,71.61,0.1,0.85,0.085,0,71.6,71.6,3,0,28.5,0,75,0,0,0,3582,2,3579,11,3580,21,1,21,1,21,3580,3582,3582,3582,3582,3580,3580,3582,3582,3580,3579,3579,3579,3580,3579,3580,3579,3580,3580,3579,210,210,210,210,0,0,0,0,0,0,0,0,60,0,0,1,1,2023-10-05
58:33.8,71.6,0.1,0.85,0.085,0,71.6,71.6,3,0,28.5,0,75,0,0,0,3582,3,3579,11,3580,21,1,21,1,21,3580,3580,3582,3582,3582,3580,3580,3582,3582,3580,3579,3579,3579,3579,3579,3580,3579,3579,3580,3580,210,210,210,210,0,0,0,0,0,0,0,0,60,0,0,1,1,2023-10-05
58:34.8,71.6,0.1,0.85,0.085,0,71.59,71.59,3,0,28.5,0,75,0,0,0,3582,3,3579,11,3579,21,1,21,1,21,3580,3580,3582,3582,3582,3580,3580,3582,3580,3580,3579,3579,3579,3579,3579,3580,3579,3579,3579,3579,210,210,210,210,0,0,0,0,0,0,0,0,60,0,0,1,1,2023-10-05
58:35.8,71.61,0.1,0.85,0.085,0,71.6,71.6,3,0,28.5,0,75,0,0,0,3582,1,3579,11,3580,21,1,21,1,21,3582,3582,3582,3582,3582,3580,3580,3582,3582,3580,3579,3579,3579,3580,3579,3580,3579,3579,3580,3579,210,210,210,210,0,0,0,0,0,0,0,0,60,0,0,1,1,2023-10-05
58:36.8,71.6,0.1,0.85,0.085,0,71.6,71.6,3,0,28.5,0,75,0,0,0,3582,2,3579,11,3580,21,1,21,1,21,3580,3582,3582,3582,3582,3580,3580,3582,3580,3580,3579,3579,3579,3579,3579,3580,3579,3579,3580,3580,210,210,210,210,0,0,0,0,0,0,0,0,60,0,0,1,1,2023-10-05
58:37.8,71.6,0.1,0.85,0.085,0,71.6,71.6,3,0,28.5,0,75,0,0,0,3582,3,3579,11,3580,21,1,21,1,21,3580,3580,3582,3582,3582,3580,3580,3582,3582,3580,3579,3579,3579,3579,3579,3580,3579,3580,3579,3579,210,210,210,210,0,0,0,0,0,0,0,0,60,0,0,1,1,2023-10-05
58:38.8,71.6,0.11,0.85,0.0935,0,71.6,71.6,3,0,28.5,0,75,0,0,0,3582,2,3579,11,3580,21,1,21,1,21,3580,3582,3582,3582,3582,3580,3580,3582,3580,3580,3579,3579,3579,3580,3579,3580,3580,3579,3580,3579,210,210,210,210,0,0,0,0,0,0,0,0,60,0,0,1,1,2023-10-05
58:39.8,71.61,0.1,0.85,0.085,0,71.6,71.6,3,0,28.5,0,75,0,0,0,3582,2,3579,11,3580,21,1,21,1,21,3580,3582,3582,3582,3582,3582,3580,3582,3580,3580,3579,3579,3579,3579,3579,3580,3579,3579,3580,3580,210,210,210,210,0,0,0,0,0,0,0,0,60,0,0,1,1,2023-10-05
58:40.8,71.6,0.11,0.85,0.0935,0,71.6,71.6,3,0,28.5,0,75,0,0,0,3582,3,3579,11,3580,21,1,21,1,21,3580,3580,3582,3582,3582,3582,3580,3582,3580,3580,3579,3579,3579,3579,3579,3580,3579,3579,3580,3580,210,210,210,210,0,0,0,0,0,0,0,0,60,0,0,1,1,2023-10-05
58:41.8,71.61,0.11,0.85,0.0935,0,71.6,71.6,3,0,28.5,0,75,0,0,0,3582,3,3579,11,3580,21,1,21,1,21,3580,3580,3582,3582,3582,3582,3580,3582,3580,3580,3579,3579,3579,3580,3579,3580,3580,3579,3580,3580,210,210,210,210,0,0,0,0,0,0,0,0,60,0,0,1,1,2023-10-05
58:42.8,71.61,0.11,0.85,0.0935,0,71.6,71.6,3,0,28.5,0,75,0,0,0,3582,2,3579,11,3580,21,1,21,1,21,3580,3582,3582,3582,3582,3582,3580,3582,3582,3580,3579,3579,3579,3579,3579,3580,3579,3579,3580,3579,210,210,210,210,0,0,0,0,0,0,0,0,60,0,0,1,1,2023-10-05
58:43.8,71.6,0.11,0.85,0.0935,0,71.6,71.6,3,0,28.5,0,75,0,0,0,3582,2,3579,11,3580,21,1,21,1,21,3580,3582,3582,3582,3582,3580,3580,3582,3580,3580,3579,3579,3579,3579,3579,3580,3579,3579,3579,3580,210,210,210,210,0,0,0,0,0,0,0,0,60,0,0,1,1,2023-10-05
58:44.8,71.6,0.11,0.85,0.0935,0,71.6,71.6,3,0,28.5,0,75,0,0,0,3582,2,3579,11,3580,21,1,21,1,21,3580,3582,3582,3582,3582,3580,3580,3582,3580,3580,3579,3579,3579,3580,3580,3580,3579,3579,3580,3579,210,210,210,210,0,0,0,0,0,0,0,0,60,0,0,1,1,2023-10-05
58:45.8,71.61,0.11,0.85,0.0935,0,71.6,71.6,3,0,28.5,0,75,0,0,0,3582,1,3579,11,3580,21,1,21,1,21,3582,3580,3582,3582,3582,3580,3582,3582,3582,3580,3579,3579,3579,3579,3579,3580,3580,3579,3580,3580,210,210,210,210,0,0,0,0,0,0,0,0,60,0,0,1,1,2023-10-05
58:46.8,71.6,0.12,0.85,0.102,0,71.6,71.6,3,0,28.5,0,75,0,0,0,3582,2,3579,11,3580,21,1,21,1,21,3580,3582,3582,3582,3582,3580,3580,3582,3580,3580,3579,3579,3579,3580,3580,3580,3579,3579,3580,3579,210,210,210,210,0,0,0,0,0,0,0,0,60,0,0,1,1,2023-10-05
58:47.8,71.61,0.11,0.85,0.0935,0,71.6,71.6,3,0,28.5,0,75,0,0,0,3582,3,3579,11,3580,21,1,21,1,21,3580,3580,3582,3582,3582,3580,3582,3582,3582,3580,3579,3579,3579,3580,3579,3580,3580,3579,3579,3580,210,210,210,210,0,0,0,0,0,0,0,0,60,0,0,1,1,2023-10-05
58:48.8,71.6,0.11,0.85,0.0935,0,71.6,71.6,3,0,28.5,0,75,0,0,0,3582,2,3579,11,3580,21,1,21,1,21,3580,3582,3582,3582,3582,3582,3580,3582,3580,3580,3579,3579,3579,3580,3579,3580,3579,3579,3579,3579,210,210,210,210,0,0,0,0,0,0,0,0,60,0,0,1,1,2023-10-05
58:49.8,71.61,0.11,0.85,0.0935,0,71.6,71.6,3,0,28.5,0,75,0,0,0,3582,2,3579,11,3580,21,1,21,1,21,3580,3582,3582,3582,3582,3580,3580,3582,3582,3580,3579,3579,3579,3579,3579,3580,3580,3579,3580,3579,210,210,210,210,0,0,0,0,0,0,0,0,60,0,0,1,1,2023-10-05
58:50.8,71.61,0.12,0.85,0.102,0,71.6,71.6,3,0,28.5,0,75,0,0,0,3582,2,3579,11,3580,21,1,21,1,21,3580,3582,3582,3582,3582,3582,3580,3582,3582,3580,3579,3579,3579,3580,3580,3580,3579,3579,3580,3580,210,210,210,210,0,0,0,0,0,0,0,0,60,0,0,1,1,2023-10-05
58:51.8,71.61,0.12,0.85,0.102,0,71.6,71.6,3,0,28.5,0,75,0,0,0,3582,1,3579,11,3580,21,1,21,1,21,3582,3582,3582,3582,3582,3580,3580,3582,3580,3580,3579,3579,3579,3580,3579,3580,3579,3580,3580,3580,210,210,210,210,0,0,0,0,0,0,0,0,60,0,0,1,1,2023-10-05
58:52.8,71.6,0.12,0.85,0.102,0,71.6,71.6,3,0,28.5,0,75,0,0,0,3582,3,3579,11,3580,21,1,21,1,21,3580,3580,3582,3582,3582,3580,3580,3582,3580,3580,3579,3579,3579,3579,3580,3580,3579,3580,3580,3579,210,210,210,210,0,0,0,0,0,0,0,0,60,0,0,1,1,2023-10-05
58:53.8,71.61,0.12,0.85,0.102,0,71.6,71.6,3,0,28.5,0,75,0,0,0,3582,2,3579,11,3580,21,1,21,1,21,3580,3582,3582,3582,3582,3580,3580,3582,3582,3580,3579,3579,3579,3579,3580,3580,3579,3579,3580,3580,210,210,210,210,0,0,0,0,0,0,0,0,60,0,0,1,1,2023-10-05
58:54.8,71.6,0.12,0.85,0.102,0,71.59,71.59,3,0,28.5,0,75,0,0,0,3582,3,3579,11,3579,21,1,21,1,21,3580,3580,3582,3582,3582,3580,3580,3582,3580,3580,3579,3579,3579,3579,3579,3580,3579,3579,3579,3579,210,210,210,210,0,0,0,0,0,0,0,0,60,0,0,1,1,2023-10-05
58:55.8,71.6,0.12,0.85,0.102,0,71.6,71.6,3,0,28.5,0,75,0,0,0,3582,2,3579,11,3580,21,1,21,1,21,3580,3582,3582,3582,3582,3580,3580,3582,3582,3580,3579,3579,3579,3579,3579,3580,3579,3579,3579,3580,210,210,210,210,0,0,0,0,0,0,0,0,60,0,0,1,1,2023-10-05
58:56.8,71.61,0.11,0.85,0.0935,0,71.6,71.6,3,0,28.5,0,75,0,0,0,3582,2,3579,11,3580,21,1,21,1,21,3580,3582,3582,3582,3582,3580,3582,3582,3582,3580,3579,3579,3579,3579,3579,3580,3579,3580,3579,3580,210,210,210,210,0,0,0,0,0,0,0,0,60,0,0,1,1,2023-10-05
58:57.8,71.6,0.11,0.85,0.0935,0,71.6,71.6,3,0,28.5,0,75,0,0,0,3582,3,3579,11,3580,21,1,21,1,21,3580,3580,3582,3582,3582,3580,3580,3582,3580,3580,3579,3579,3579,3579,3579,3580,3579,3579,3580,3579,210,210,210,210,0,0,0,0,0,0,0,0,60,0,0,1,1,2023-10-05
58:58.8,71.6,0.12,0.85,0.102,0,71.6,71.6,3,0,28.5,0,75,0,0,0,3582,2,3579,11,3580,21,1,21,1,21,3580,3582,3582,3582,3582,3580,3580,3582,3582,3580,3579,3579,3579,3579,3579,3580,3579,3579,3579,3580,210,210,210,210,0,0,0,0,0,0,0,0,60,0,0,1,1,2023-10-05
58:59.8,71.6,0.13,0.85,0.1105,0,71.6,71.6,3,0,28.5,0,75,0,0,0,3582,2,3579,11,3580,21,1,21,1,21,3580,3582,3582,3582,3582,3580,3580,3582,3582,3580,3579,3579,3579,3579,3579,3580,3579,3579,3579,3580,210,210,210,210,0,0,0,0,0,0,0,0,60,0,0,1,1,2023-10-05
59:00.8,71.6,0.13,0.85,0.1105,0,71.6,71.6,3,0,28.5,0,75,0,0,0,3582,3,3579,12,3580,21,1,21,1,21,3580,3580,3582,3582,3582,3582,3580,3582,3582,3580,3580,3579,3579,3579,3579,3580,3579,3579,3579,3579,210,210,210,210,0,0,0,0,0,0,0,0,60,0,0,1,1,2023-10-05
59:01.8,71.61,0.13,0.85,0.1105,0,71.6,71.6,3,0,28.5,0,75,0,0,0,3582,2,3579,12,3580,21,1,21,1,21,3580,3582,3582,3582,3582,3580,3580,3582,3580,3580,3580,3579,3579,3579,3579,3580,3579,3580,3580,3580,210,210,210,210,0,0,0,0,0,0,0,0,60,0,0,1,1,2023-10-05
59:02.8,71.61,0.13,0.85,0.1105,0,71.6,71.6,3,0,28.5,0,75,0,0,0,3582,1,3579,11,3580,21,1,21,1,21,3582,3580,3582,3582,3582,3580,3580,3582,3582,3580,3579,3579,3579,3580,3579,3580,3579,3579,3580,3580,210,210,210,210,0,0,0,0,0,0,0,0,60,0,0,1,1,2023-10-05
59:03.8,71.6,0.13,0.85,0.1105,0,71.6,71.6,3,0,28.5,0,75,0,0,0,3582,3,3579,11,3580,21,1,21,1,21,3580,3580,3582,3582,3582,3580,3580,3582,3582,3580,3579,3579,3579,3579,3579,3580,3579,3579,3580,3579,210,210,210,210,0,0,0,0,0,0,0,0,60,0,0,1,1,2023-10-05
59:04.8,71.61,0.13,0.85,0.1105,0,71.6,71.6,3,0,28.5,0,75,0,0,0,3582,2,3579,11,3580,21,1,21,1,21,3580,3582,3582,3582,3582,3582,3580,3582,3580,3580,3579,3579,3579,3579,3579,3580,3579,3579,3580,3580,210,210,210,210,0,0,0,0,0,0,0,0,60,0,0,1,1,2023-10-05
59:05.8,71.6,0.13,0.85,0.1105,0,71.6,71.6,3,0,28.5,0,75,0,0,0,3582,3,3579,11,3580,21,1,21,1,21,3580,3580,3582,3582,3582,3580,3580,3582,3582,3580,3579,3579,3579,3579,3580,3580,3579,3579,3580,3580,210,210,210,210,0,0,0,0,0,0,0,0,60,0,0,1,1,2023-10-05
59:06.8,71.6,0.13,0.85,0.1105,0,71.6,71.6,3,0,28.5,0,75,0,0,0,3582,3,3579,11,3580,21,1,21,1,21,3580,3580,3582,3582,3582,3580,3580,3582,3582,3580,3579,3579,3579,3579,3579,3580,3579,3579,3580,3580,210,210,210,210,0,0,0,0,0,0,0,0,60,0,0,1,1,2023-10-05
59:07.8,71.61,0.14,0.85,0.119,0,71.6,71.6,3,0,28.5,0,75,0,0,0,3582,3,3579,11,3580,21,1,21,1,21,3580,3580,3582,3582,3582,3582,3580,3582,3582,3580,3579,3579,3579,3579,3579,3580,3579,3579,3580,3580,210,210,210,210,0,0,0,0,0,0,0,0,60,0,0,1,1,2023-10-05
59:08.8,71.61,0.14,0.85,0.119,0,71.6,71.6,3,0,28.5,0,75,0,0,0,3582,2,3579,11,3580,21,1,21,1,21,3580,3582,3582,3582,3582,3582,3582,3582,3582,3580,3579,3579,3579,3579,3579,3580,3579,3579,3579,3579,210,210,210,210,0,0,0,0,0,0,0,0,60,0,0,1,1,2023-10-05
59:09.8,71.61,0.13,0.85,0.1105,0,71.6,71.6,3,0,28.5,0,75,0,0,0,3582,3,3579,11,3580,21,1,21,1,21,3580,3580,3582,3582,3582,3580,3582,3582,3582,3580,3579,3579,3579,3579,3579,3580,3579,3579,3580,3580,210,210,210,210,0,0,0,0,0,0,0,0,60,0,0,1,1,2023-10-05
59:10.8,71.6,0.14,0.85,0.119,0,71.6,71.6,3,0,28.5,0,75,0,0,0,3582,2,3579,11,3580,21,1,21,1,21,3580,3582,3582,3582,3582,3580,3580,3582,3580,3580,3579,3579,3579,3579,3579,3580,3579,3580,3580,3579,210,210,210,210,0,0,0,0,0,0,0,0,60,0,0,1,1,2023-10-05
59:11.8,71.6,0.14,0.85,0.119,0,71.6,71.6,3,0,28.5,0,75,0,0,0,3582,2,3579,11,3580,21,1,21,1,21,3580,3582,3582,3582,3582,3580,3580,3582,3582,3580,3579,3579,3579,3580,3579,3580,3579,3579,3579,3579,210,210,210,210,0,0,0,0,0,0,0,0,60,0,0,1,1,2023-10-05
59:12.8,71.6,0.13,0.85,0.1105,0,71.6,71.6,3,0,28.5,0,75,0,0,0,3582,2,3579,11,3580,21,1,21,1,21,3580,3582,3582,3582,3582,3580,3580,3582,3582,3580,3579,3579,3579,3579,3579,3580,3579,3579,3580,3579,210,210,210,210,0,0,0,0,0,0,0,0,60,0,0,1,1,2023-10-05
59:13.8,71.6,0.14,0.85,0.119,0,71.6,71.6,3,0,28.5,0,75,0,0,0,3582,3,3579,11,3580,21,1,21,1,21,3580,3580,3582,3582,3582,3580,3580,3582,3580,3580,3579,3579,3579,3579,3579,3580,3579,3579,3580,3579,210,210,210,210,0,0,0,0,0,0,0,0,60,0,0,1,1,2023-10-05
59:14.8,71.6,0.14,0.85,0.119,0,71.6,71.6,3,0,28.5,0,75,0,0,0,3582,3,3579,11,3580,21,1,21,1,21,3580,3580,3582,3582,3582,3580,3580,3582,3582,3580,3579,3579,3579,3579,3579,3580,3579,3579,3580,3580,210,210,210,210,0,0,0,0,0,0,0,0,60,0,0,1,1,2023-10-05
59:15.8,71.6,0.15,0.85,0.1275,0,71.6,71.6,3,0,28.5,0,75,0,0,0,3582,3,3579,11,3580,21,1,21,1,21,3580,3580,3582,3582,3582,3580,3580,3582,3582,3580,3579,3579,3579,3579,3579,3580,3579,3579,3580,3580,210,210,210,210,0,0,0,0,0,0,0,0,60,0,0,1,1,2023-10-05
59:16.8,71.61,0.15,0.85,0.1275,0,71.6,71.6,3,0,28.5,0,75,0,0,0,3582,2,3579,11,3580,21,1,21,1,21,3580,3582,3582,3582,3582,3582,3580,3582,3582,3580,3579,3579,3579,3580,3579,3580,3579,3579,3580,3579,210,210,210,210,0,0,0,0,0,0,0,0,60,0,0,1,1,2023-10-05
59:17.8,71.61,0.15,0.85,0.1275,0,71.6,71.6,3,0,28.5,0,75,0,0,0,3582,1,3579,11,3580,21,1,21,1,21,3582,3582,3582,3582,3582,3580,3580,3582,3582,3580,3579,3579,3579,3579,3579,3580,3579,3580,3580,3580,210,210,210,210,0,0,0,0,0,0,0,0,60,0,0,1,1,2023-10-05
59:18.8,71.6,0.15,0.85,0.1275,0,71.6,71.6,3,0,28.5,0,75,0,0,0,3582,1,3579,11,3580,21,1,21,1,21,3582,3580,3582,3582,3582,3580,3580,3582,3582,3580,3579,3579,3579,3579,3579,3580,3579,3579,3579,3579,210,210,210,210,0,0,0,0,0,0,0,0,60,0,0,1,1,2023-10-05
59:19.8,71.61,0.14,0.85,0.119,0,71.6,71.6,3,0,28.5,0,75,0,0,0,3582,2,3579,11,3580,21,1,21,1,21,3580,3582,3582,3582,3582,3582,3582,3582,3582,3580,3579,3579,3579,3579,3579,3580,3579,3579,3580,3580,210,210,210,210,0,0,0,0,0,0,0,0,60,0,0,1,1,2023-10-05
59:20.8,71.61,0.15,0.85,0.1275,0,71.6,71.6,3,0,28.5,0,75,0,0,0,3582,1,3579,11,3580,21,1,21,1,21,3582,3582,3582,3582,3582,3580,3580,3582,3582,3580,3579,3579,3579,3579,3579,3580,3579,3580,3579,3579,210,210,210,210,0,0,0,0,0,0,0,0,60,0,0,1,1,2023-10-05
59:21.8,71.6,0.15,0.85,0.1275,0,71.6,71.6,3,0,28.5,0,75,0,0,0,3582,2,3579,11,3580,21,1,21,1,21,3580,3582,3582,3582,3582,3580,3580,3582,3580,3580,3579,3579,3579,3579,3579,3580,3579,3579,3579,3579,210,210,210,210,0,0,0,0,0,0,0,0,60,0,0,1,1,2023-10-05
59:22.8,71.61,0.15,0.85,0.1275,0,71.6,71.6,3,0,28.5,0,75,0,0,0,3582,2,3579,11,3580,21,1,21,1,21,3580,3582,3582,3582,3582,3582,3580,3582,3580,3580,3579,3579,3579,3579,3579,3580,3579,3580,3580,3579,210,210,210,210,0,0,0,0,0,0,0,0,60,0,0,1,1,2023-10-05
59:23.8,71.61,0.15,0.85,0.1275,0,71.6,71.6,3,0,28.5,0,75,0,0,0,3582,2,3579,11,3580,21,1,21,1,21,3580,3582,3582,3582,3582,3582,3580,3582,3582,3580,3579,3579,3579,3579,3579,3580,3579,3579,3580,3580,210,210,210,210,0,0,0,0,0,0,0,0,60,0,0,1,1,2023-10-05
59:24.8,71.61,0.15,0.85,0.1275,0,71.6,71.6,3,0,28.5,0,75,0,0,0,3582,2,3579,11,3580,21,1,21,1,21,3580,3582,3582,3582,3582,3582,3582,3582,3580,3580,3579,3579,3579,3579,3579,3580,3579,3579,3579,3579,210,210,210,210,0,0,0,0,0,0,0,0,60,0,0,1,1,2023-10-05
59:25.8,71.61,0.15,0.85,0.1275,0,71.6,71.6,3,0,28.5,0,75,0,0,0,3582,1,3579,11,3580,21,1,21,1,21,3582,3582,3582,3582,3582,3580,3580,3582,3582,3580,3579,3579,3579,3579,3580,3580,3579,3579,3580,3579,210,210,210,210,0,0,0,0,0,0,0,0,60,0,0,1,1,2023-10-05
59:26.8,71.6,0.15,0.85,0.1275,0,71.6,71.6,3,0,28.5,0,75,0,0,0,3582,3,3579,11,3580,21,1,21,1,21,3580,3580,3582,3582,3582,3580,3580,3582,3582,3580,3579,3579,3579,3579,3579,3579,3579,3579,3579,3579,210,210,210,210,0,0,0,0,0,0,0,0,60,0,0,1,1,2023-10-05
59:27.8,71.6,0.16,0.85,0.136,0,71.6,71.6,3,0,28.5,0,75,0,0,0,3582,1,3579,11,3580,21,1,21,1,21,3582,3580,3582,3582,3582,3580,3580,3582,3582,3580,3579,3579,3579,3579,3579,3580,3579,3579,3579,3579,210,210,210,210,0,0,0,0,0,0,0,0,60,0,0,1,1,2023-10-05
59:28.8,71.6,0.15,0.85,0.1275,0,71.6,71.6,3,0,28.5,0,75,0,0,0,3582,3,3579,11,3580,21,1,21,1,21,3580,3580,3582,3582,3582,3580,3580,3582,3580,3580,3579,3579,3579,3580,3579,3580,3579,3579,3579,3580,210,210,210,210,0,0,0,0,0,0,0,0,60,0,0,1,1,2023-10-05
59:29.8,71.6,0.15,0.85,0.1275,0,71.6,71.6,3,0,28.5,0,75,0,0,0,3582,3,3579,11,3580,21,1,21,1,21,3580,3580,3582,3582,3582,3580,3580,3582,3582,3580,3579,3579,3579,3579,3579,3580,3579,3579,3580,3579,210,210,210,210,0,0,0,0,0,0,0,0,60,0,0,1,1,2023-10-05
59:30.8,71.61,0.15,0.85,0.1275,0,71.6,71.6,3,0,28.5,0,75,0,0,0,3582,1,3579,11,3580,21,1,21,1,21,3582,3582,3582,3582,3582,3580,3580,3582,3580,3580,3579,3579,3579,3579,3579,3580,3579,3579,3580,3580,210,210,210,210,0,0,0,0,0,0,0,0,60,0,0,1,1,2023-10-05
59:31.8,71.6,0.16,0.85,0.136,0,71.6,71.6,3,0,28.5,0,75,0,0,0,3582,2,3579,11,3580,21,1,21,1,21,3580,3582,3582,3582,3582,3580,3580,3582,3582,3580,3579,3579,3579,3579,3579,3580,3579,3579,3579,3579,210,210,210,210,0,0,0,0,0,0,0,0,60,0,0,1,1,2023-10-05
59:32.8,71.6,0.16,0.85,0.136,0,71.6,71.6,3,0,28.5,0,75,0,0,0,3582,2,3579,11,3580,21,1,21,1,21,3580,3582,3582,3582,3582,3580,3580,3582,3580,3580,3579,3579,3579,3580,3579,3579,3579,3579,3579,3579,210,210,210,210,0,0,0,0,0,0,0,0,60,0,0,1,1,2023-10-05
59:33.8,71.6,0.15,0.85,0.1275,0,71.6,71.6,3,0,28.5,0,75,0,0,0,3582,2,3579,11,3580,21,1,21,1,21,3580,3582,3582,3582,3582,3580,3580,3582,3582,3580,3579,3579,3579,3579,3579,3580,3579,3579,3580,3579,210,210,210,210,0,0,0,0,0,0,0,0,60,0,0,1,1,2023-10-05
59:34.8,71.61,0.16,0.85,0.136,0,71.6,71.6,3,0,28.5,0,75,0,0,0,3582,1,3579,11,3580,21,1,21,1,21,3582,3582,3582,3582,3582,3580,3580,3582,3582,3580,3579,3579,3579,3579,3580,3580,3579,3580,3580,3579,210,210,210,210,0,0,0,0,0,0,0,0,60,0,0,1,1,2023-10-05
59:35.8,71.6,0.16,0.85,0.136,0,71.6,71.6,3,0,28.5,0,75,0,0,0,3582,2,3579,11,3580,21,1,21,1,21,3580,3582,3582,3582,3582,3580,3580,3582,3582,3580,3579,3579,3579,3579,3579,3580,3579,3579,3579,3579,210,210,210,210,0,0,0,0,0,0,0,0,60,0,0,1,1,2023-10-05
59:36.8,71.6,0.16,0.85,0.136,0,71.6,71.6,3,0,28.5,0,75,0,0,0,3582,3,3579,11,3580,21,1,21,1,21,3580,3580,3582,3582,3582,3580,3580,3582,3582,3580,3579,3579,3579,3579,3579,3580,3579,3579,3579,3579,210,210,210,210,0,0,0,0,0,0,0,0,60,0,0,1,1,2023-10-05
59:37.8,71.61,0.16,0.85,0.136,0,71.6,71.6,3,0,28.5,0,75,0,0,0,3582,1,3579,11,3580,21,1,21,1,21,3582,3582,3582,3582,3582,3580,3580,3582,3582,3580,3579,3579,3579,3579,3579,3580,3579,3579,3579,3579,210,210,210,210,0,0,0,0,0,0,0,0,60,0,0,1,1,2023-10-05
59:38.8,71.6,0.16,0.85,0.136,0,71.6,71.6,3,0,28.5,0,75,0,0,0,3582,1,3579,11,3580,21,1,21,1,21,3582,3580,3582,3582,3582,3580,3580,3582,3582,3580,3579,3579,3579,3579,3579,3580,3579,3579,3579,3580,210,210,210,210,0,0,0,0,0,0,0,0,60,0,0,1,1,2023-10-05
59:39.8,71.6,0.17,0.85,0.1445,0,71.6,71.6,3,0,28.5,0,75,0,0,0,3582,3,3579,11,3580,21,1,21,1,21,3580,3580,3582,3582,3582,3580,3580,3582,3580,3580,3579,3579,3579,3579,3579,3580,3579,3580,3580,3580,210,210,210,210,0,0,0,0,0,0,0,0,60,0,0,1,1,2023-10-05
59:40.8,71.6,0.17,0.85,0.1445,0,71.6,71.6,3,0,28.5,0,75,0,0,0,3582,3,3579,11,3580,21,1,21,1,21,3580,3580,3582,3582,3582,3580,3580,3582,3580,3580,3579,3579,3579,3579,3579,3580,3579,3580,3579,3579,210,210,210,210,0,0,0,0,0,0,0,0,60,0,0,1,1,2023-10-05
59:41.8,71.61,0.17,0.85,0.1445,0,71.6,71.6,3,0,28.5,0,75,0,0,0,3582,2,3579,11,3580,21,1,21,1,21,3580,3582,3582,3582,3582,3582,3582,3582,3582,3580,3579,3579,3579,3579,3579,3580,3579,3579,3580,3579,210,210,210,210,0,0,0,0,0,0,0,0,60,0,0,1,1,2023-10-05
59:42.8,71.6,0.17,0.85,0.1445,0,71.6,71.6,3,0,28.5,0,75,0,0,0,3582,2,3579,11,3580,21,1,21,1,21,3580,3582,3582,3582,3582,3580,3580,3582,3580,3580,3579,3579,3579,3579,3579,3580,3579,3579,3579,3580,210,210,210,210,0,0,0,0,0,0,0,0,60,0,0,1,1,2023-10-05
59:43.8,71.6,0.17,0.85,0.1445,0,71.6,71.6,3,0,28.5,0,75,0,0,0,3582,2,3579,11,3580,21,1,21,1,21,3580,3582,3582,3582,3582,3580,3580,3582,3582,3580,3579,3579,3579,3579,3579,3580,3579,3580,3579,3579,210,210,210,210,0,0,0,0,0,0,0,0,60,0,0,1,1,2023-10-05
59:44.8,71.6,0.17,0.85,0.1445,0,71.6,71.6,3,0,28.5,0,75,0,0,0,3582,3,3579,11,3580,21,1,21,1,21,3580,3580,3582,3582,3582,3580,3580,3582,3582,3580,3579,3579,3579,3579,3579,3580,3579,3579,3580,3579,210,210,210,210,0,0,0,0,0,0,0,0,60,0,0,1,1,2023-10-05
59:45.8,71.6,0.17,0.85,0.1445,0,71.6,71.6,3,0,28.5,0,75,0,0,0,3582,2,3579,11,3580,21,1,21,1,21,3580,3582,3582,3582,3582,3580,3580,3582,3582,3580,3579,3579,3579,3579,3579,3580,3579,3579,3580,3579,210,210,210,210,0,0,0,0,0,0,0,0,60,0,0,1,1,2023-10-05
59:46.8,71.6,0.17,0.85,0.1445,0,71.6,71.6,3,0,28.5,0,75,0,0,0,3582,3,3579,11,3580,21,1,21,1,21,3580,3580,3582,3582,3582,3580,3580,3582,3582,3580,3579,3579,3579,3579,3579,3580,3579,3579,3580,3579,210,210,210,210,0,0,0,0,0,0,0,0,60,0,0,1,1,2023-10-05
59:47.8,71.6,0.18,0.85,0.153,0,71.6,71.6,3,0,28.5,0,75,0,0,0,3582,3,3579,11,3580,21,1,21,1,21,3580,3580,3582,3582,3582,3580,3580,3582,3582,3580,3579,3579,3579,3579,3579,3580,3579,3579,3579,3579,210,210,210,210,0,0,0,0,0,0,0,0,60,0,0,1,1,2023-10-05
59:48.8,71.61,0.18,0.85,0.153,0,71.6,71.6,3,0,28.5,0,75,0,0,0,3582,1,3579,11,3580,21,1,21,1,21,3582,3580,3582,3582,3582,3580,3580,3582,3582,3580,3579,3579,3579,3579,3579,3580,3579,3579,3580,3580,210,210,210,210,0,0,0,0,0,0,0,0,60,0,0,1,1,2023-10-05
59:49.8,71.6,0.18,0.85,0.153,0,71.6,71.6,3,0,28.5,0,75,0,0,0,3582,1,3579,11,3580,21,1,21,1,21,3582,3580,3582,3582,3582,3580,3580,3582,3580,3580,3579,3579,3579,3579,3579,3580,3579,3579,3579,3579,210,210,210,210,0,0,0,0,0,0,0,0,60,0,0,1,1,2023-10-05
59:50.8,71.6,0.16,0.85,0.136,0,71.59,71.59,3,0,28.5,0,75,0,0,0,3582,3,3579,11,3579,21,1,21,1,21,3580,3580,3582,3582,3582,3580,3580,3582,3580,3580,3579,3579,3579,3579,3579,3579,3579,3579,3580,3579,210,210,210,210,0,0,0,0,0,0,0,0,60,0,0,1,1,2023-10-05
59:51.8,71.6,0.16,0.85,0.136,0,71.6,71.6,3,0,28.5,0,75,0,0,0,3582,3,3579,11,3580,21,1,21,1,21,3580,3580,3582,3582,3582,3582,3580,3582,3582,3580,3579,3579,3579,3579,3579,3580,3579,3579,3579,3579,210,210,210,210,0,0,0,0,0,0,0,0,60,0,0,1,1,2023-10-05
59:52.8,71.6,0.16,0.85,0.136,0,71.6,71.6,3,0,28.5,0,75,0,0,0,3582,2,3579,11,3580,21,1,21,1,21,3580,3582,3582,3582,3582,3582,3580,3582,3582,3580,3579,3579,3579,3579,3579,3579,3579,3579,3579,3579,210,210,210,210,0,0,0,0,0,0,0,0,60,0,0,1,1,2023-10-05
59:53.8,71.6,0.16,0.85,0.136,0,71.6,71.6,3,0,28.5,0,75,0,0,0,3582,3,3579,11,3580,21,1,21,1,21,3580,3580,3582,3582,3582,3580,3580,3582,3582,3580,3579,3579,3579,3579,3580,3580,3579,3580,3579,3579,210,210,210,210,0,0,0,0,0,0,0,0,60,0,0,1,1,2023-10-05
59:54.8,71.61,0.19,0.85,0.1615,0,71.6,71.6,3,0,28.5,0,75,0,0,0,3582,1,3579,11,3580,21,1,21,1,21,3582,3582,3582,3582,3582,3580,3580,3582,3582,3580,3579,3579,3579,3579,3579,3579,3579,3580,3579,3579,210,210,210,210,0,0,0,0,0,0,0,0,60,0,0,1,1,2023-10-05
59:55.8,71.6,0.18,0.85,0.153,0,71.6,71.6,3,0,28.5,0,75,0,0,0,3582,2,3579,11,3580,21,1,21,1,21,3580,3582,3582,3582,3582,3580,3580,3582,3582,3580,3579,3579,3579,3579,3579,3580,3579,3579,3579,3579,210,210,210,210,0,0,0,0,0,0,0,0,60,0,0,1,1,2023-10-05
59:56.8,71.6,0.19,0.85,0.1615,0,71.6,71.6,3,0,28.5,0,75,0,0,0,3582,3,3579,11,3580,21,1,21,1,21,3580,3580,3582,3582,3582,3580,3580,3582,3582,3580,3579,3579,3579,3579,3579,3580,3579,3580,3580,3579,210,210,210,210,0,0,0,0,0,0,0,0,60,0,0,1,1,2023-10-05
59:57.8,71.6,0.18,0.85,0.153,0,71.6,71.6,3,0,28.5,0,75,0,0,0,3582,2,3579,11,3580,21,1,21,1,21,3580,3582,3582,3582,3582,3580,3580,3582,3580,3580,3579,3579,3579,3579,3579,3580,3579,3579,3579,3579,210,210,210,210,0,0,0,0,0,0,0,0,60,0,0,1,1,2023-10-05
59:58.8,72.78,23.51,0.85,19.9835,0,72.78,72.78,23,0,28.5,0,75,0,0,0,3651,4,3628,15,3639,21,1,21,1,21,3643,3636,3631,3651,3646,3631,3636,3646,3649,3634,3633,3648,3643,3634,3628,3643,3648,3628,3633,3642,210,210,210,210,0,0,0,0,0,0,0,0,60,0,0,1,1,2023-10-05
59:59.8,72.84,23.51,0.85,19.9835,0,72.83,72.83,21,0,28.5,0,75,0,0,0,3652,4,3631,15,3641,21,1,21,1,21,3646,3637,3634,3652,3649,3634,3639,3648,3652,3637,3637,3651,3646,3636,3631,3646,3651,3631,3637,3645,210,210,210,210,0,0,0,0,0,0,0,0,60,0,0,1,1,2023-10-05
00:00.8,72.88,26.45,0.85,22.4825,0,72.87,72.87,22,0,28.5,0,75,0,0,0,3655,4,3633,15,3643,21,1,21,1,21,3648,3640,3636,3655,3649,3636,3639,3649,3654,3640,3639,3652,3648,3639,3633,3648,3652,3633,3639,3646,210,210,210,210,0,0,0,0,0,0,0,0,60,0,0,1,1,2023-10-05
00:01.8,72.9,26.46,0.85,22.491,0,72.9,72.9,21,0,28.5,0,75,0,0,0,3655,4,3634,18,3645,21,1,21,1,21,3649,3642,3637,3655,3651,3637,3642,3651,3655,3640,3640,3654,3649,3640,3636,3649,3654,3634,3640,3648,210,210,210,210,0,0,0,0,0,0,0,0,60,0,0,1,1,2023-10-05
00:02.8,72.93,26.46,0.85,22.491,0,72.93,72.93,21,0,28.5,0,75,0,0,0,3657,4,3636,18,3646,21,1,21,1,21,3651,3642,3639,3657,3652,3639,3643,3652,3657,3642,3642,3654,3649,3642,3637,3651,3655,3636,3642,3649,210,210,210,210,0,0,0,0,0,0,0,0,60,0,0,1,1,2023-10-05
00:03.8,72.95,26.46,0.85,22.491,0,72.95,72.95,21,0,28.6,0,75,0,0,0,3658,4,3637,15,3647,21,1,21,1,21,3651,3643,3639,3658,3654,3640,3643,3654,3658,3643,3642,3655,3651,3642,3637,3652,3657,3637,3643,3651,210,210,210,210,0,0,0,0,0,0,0,0,60,0,0,1,1,2023-10-05
00:04.8,72.97,26.47,0.85,22.4995,0,72.97,72.97,21,0,28.6,0,75,0,0,0,3660,4,3639,15,3648,21,1,21,1,21,3652,3645,3640,3660,3655,3640,3645,3654,3660,3643,3643,3657,3652,3643,3639,3654,3657,3639,3643,3651,210,210,210,210,0,0,0,0,0,0,0,0,60,0,0,1,1,2023-10-05
00:05.8,72.99,26.48,0.85,22.508,0,72.99,72.99,21,0,28.6,0,75,0,0,0,3660,4,3639,15,3649,21,1,21,1,21,3654,3646,3642,3660,3655,3642,3646,3655,3660,3645,3645,3658,3652,3645,3639,3654,3658,3639,3645,3652,210,210,210,210,0,0,0,0,0,0,0,0,60,0,0,1,1,2023-10-05
00:06.8,73.01,26.48,0.85,22.508,0,73,73,21,0,28.6,0,75,0,0,0,3661,4,3640,15,3650,21,1,21,1,21,3654,3646,3642,3661,3657,3642,3646,3657,3661,3646,3645,3658,3654,3645,3640,3655,3660,3640,3645,3652,210,210,210,210,0,0,0,0,0,0,0,0,60,0,0,1,1,2023-10-05
00:07.8,73.03,26.48,0.85,22.508,0,73.03,73.03,21,0,28.6,0,75,0,0,0,3663,4,3642,15,3651,21,1,21,1,21,3655,3648,3643,3663,3657,3643,3648,3658,3663,3646,3646,3660,3655,3646,3642,3655,3660,3642,3646,3654,210,210,210,210,0,0,0,0,0,0,0,0,60,0,0,1,1,2023-10-05
00:08.8,73.04,26.46,0.85,22.491,0,73.04,73.04,21,0,28.7,0,75,0,0,0,3663,4,3642,15,3652,21,1,21,1,21,3655,3648,3643,3663,3658,3645,3648,3658,3663,3648,3648,3660,3655,3646,3642,3657,3661,3642,3648,3655,210,210,210,210,0,0,0,0,0,0,0,0,60,0,0,1,1,2023-10-05
00:09.8,73.06,26.47,0.85,22.4995,0,73.05,73.05,22,0,28.7,0,75,0,0,0,3664,4,3642,18,3652,21,1,21,1,21,3657,3649,3645,3664,3658,3645,3649,3660,3663,3648,3648,3661,3657,3648,3643,3658,3661,3642,3648,3655,210,210,210,210,0,0,0,0,0,0,0,0,60,0,0,1,1,2023-10-05
00:10.8,73.07,26.48,0.85,22.508,0,73.07,73.07,21,0,28.7,0,75,0,0,0,3664,4,3643,15,3653,21,1,21,1,21,3657,3649,3645,3664,3660,3646,3649,3660,3664,3649,3648,3661,3658,3648,3643,3658,3663,3643,3648,3657,210,210,210,210,0,0,0,0,0,0,0,0,60,0,0,1,1,2023-10-05
00:11.8,73.09,26.49,0.85,22.5165,0,73.08,73.08,21,0,28.7,0,75,0,0,0,3666,4,3645,15,3654,21,1,21,1,21,3658,3649,3646,3666,3661,3646,3651,3660,3664,3649,3649,3663,3658,3649,3645,3658,3663,3645,3649,3657,210,210,210,210,0,0,0,0,0,0,0,0,60,0,0,1,1,2023-10-05
00:12.8,73.1,26.48,0.85,22.508,0,73.1,73.1,21,0,28.7,0,75,0,0,0,3666,4,3645,15,3655,21,1,21,1,21,3658,3651,3648,3666,3661,3646,3651,3661,3666,3651,3649,3663,3660,3649,3645,3660,3664,3645,3649,3658,210,210,210,210,0,0,0,0,0,0,0,0,60,0,0,1,1,2023-10-05
00:13.8,71.96,26.48,0.85,22.508,0,71.95,71.95,3,0,28.8,0,75,0,0,0,3600,3,3597,11,3597,21,1,21,1,21,3598,3598,3600,3600,3600,3598,3598,3600,3598,3598,3597,3597,3597,3597,3597,3598,3597,3597,3597,3597,210,210,210,210,0,0,0,0,0,0,0,0,60,0,0,1,1,2023-10-05
00:14.8,71.9,0.86,0.85,0.731,0,71.9,71.9,3,0,28.8,0,75,0,0,0,3597,3,3594,11,3595,21,1,21,1,21,3595,3595,3597,3597,3597,3595,3597,3597,3595,3595,3594,3594,3594,3594,3594,3595,3595,3594,3594,3595,210,210,210,210,0,0,0,0,0,0,0,0,60,0,0,1,1,2023-10-05
00:15.8,71.89,0.2,0.85,0.17,0,71.88,71.88,3,0,28.8,0,75,0,0,0,3595,1,3592,12,3594,21,1,21,1,21,3595,3595,3595,3595,3595,3595,3595,3595,3595,3594,3594,3592,3592,3594,3594,3594,3594,3594,3594,3594,210,210,210,210,0,0,0,0,0,0,0,0,60,0,0,1,1,2023-10-05
00:16.8,71.87,0.2,0.85,0.17,0,71.86,71.86,3,0,28.8,0,75,0,0,0,3595,3,3592,11,3593,21,1,21,1,21,3594,3594,3595,3594,3595,3594,3594,3595,3594,3594,3592,3592,3592,3592,3592,3592,3592,3592,3594,3592,210,210,210,210,0,0,0,0,0,0,0,0,60,0,0,1,1,2023-10-05
00:17.8,71.86,0.21,0.85,0.1785,0,71.85,71.85,3,0,28.8,0,75,0,0,0,3594,1,3591,12,3592,21,1,21,1,21,3594,3594,3594,3594,3594,3594,3594,3594,3594,3592,3592,3591,3592,3592,3592,3592,3592,3592,3592,3592,210,210,210,210,0,0,0,0,0,0,0,0,60,0,0,1,1,2023-10-05
00:18.8,71.84,0.2,0.85,0.17,0,71.84,71.84,3,0,28.8,0,75,0,0,0,3594,3,3591,11,3592,21,1,21,1,21,3592,3592,3594,3594,3594,3594,3592,3594,3592,3592,3591,3591,3591,3591,3591,3592,3591,3591,3591,3591,210,210,210,210,0,0,0,0,0,0,0,0,60,0,0,1,1,2023-10-05
00:19.8,71.83,0.2,0.85,0.17,0,71.83,71.83,3,0,28.8,0,75,0,0,0,3594,5,3591,10,3591,21,1,21,1,21,3592,3592,3592,3592,3594,3592,3592,3594,3592,3591,3591,3591,3591,3592,3591,3591,3591,3591,3591,3591,210,210,210,210,0,0,0,0,0,0,0,0,60,0,0,1,1,2023-10-05
00:20.8,71.83,0.2,0.85,0.17,0,71.82,71.82,3,0,28.8,0,75,0,0,0,3592,2,3589,11,3591,21,1,21,1,21,3591,3592,3592,3592,3592,3592,3592,3592,3592,3591,3589,3591,3591,3591,3591,3591,3591,3591,3591,3591,210,210,210,210,0,0,0,0,0,0,0,0,60,0,0,1,1,2023-10-05
00:21.8,71.82,0.2,0.85,0.17,0,71.81,71.81,3,0,28.8,0,75,0,0,0,3592,1,3589,11,3590,21,1,21,1,21,3592,3592,3592,3592,3592,3592,3591,3592,3592,3591,3589,3589,3589,3591,3591,3591,3589,3589,3591,3591,210,210,210,210,0,0,0,0,0,0,0,0,60,0,0,1,1,2023-10-05
